Distance,Knots,Shannon,Severn,Trent,Tyne,Mersey,E_Class,D_Class,B_Class,Arancia,Atlantic_75_B_Class,Atlantic_85_B_Class,Tamar,Station,Shape_Length,Shape_Area,Station_ID
8,16,0,0,0,1,1,0,0,0,0,0,0,0,ALDEBURGH,2.073711,0.050368,3624
12.5,25,1,1,1,0,0,0,1,0,0,1,1,1,ALDEBURGH,3.001785,0.124501,3624
17,34,0,0,0,0,0,0,0,1,0,0,0,0,ALDEBURGH,4.170654,0.230562,3624
20,40,0,0,0,0,0,1,0,0,0,0,0,0,ALDEBURGH,5.162172,0.322605,3624
24,48,0,0,0,0,0,0,0,0,0,0,0,0,ALDEBURGH,8.561412,0.465827,3624
8,16,0,0,0,1,1,0,0,0,0,0,0,0,HARWICH,3.956649,0.03676,3646
12.5,25,1,1,1,0,0,0,1,0,0,1,1,1,HARWICH,5.54634,0.091464,3646
17,34,0,0,0,0,0,0,0,1,0,0,0,0,HARWICH,6.901861,0.176493,3646
20,40,0,0,0,0,0,1,0,0,0,0,0,0,HARWICH,8.046418,0.257599,3646
24,48,0,0,0,0,0,0,0,0,0,0,0,0,HARWICH,11.113055,0.384929,3646
8,16,0,0,0,1,1,0,0,0,0,0,0,0,WALTON & FRINTON,3.156357,0.057444,3668
12.5,25,1,1,1,0,0,0,1,0,0,1,1,1,WALTON & FRINTON,5.08551,0.139215,3668
17,34,0,0,0,0,0,0,0,1,0,0,0,0,WALTON & FRINTON,9.121301,0.251033,3668
20,40,0,0,0,0,0,1,0,0,0,0,0,0,WALTON & FRINTON,10.930928,0.333939,3668
24,48,0,0,0,0,0,0,0,0,0,0,0,0,WALTON & FRINTON,13.605627,0.466253,3668
8,16,0,0,0,1,1,0,0,0,0,0,0,0,CLACTON-ON-SEA,2.144348,0.055025,3708
12.5,25,1,1,1,0,0,0,1,0,0,1,1,1,CLACTON-ON-SEA,6.818289,0.131204,3708
17,34,0,0,0,0,0,0,0,1,0,0,0,0,CLACTON-ON-SEA,9.914339,0.231324,3708
20,40,0,0,0,0,0,1,0,0,0,0,0,0,CLACTON-ON-SEA,12.332205,0.313215,3708
24,48,0,0,0,0,0,0,0,0,0,0,0,0,CLACTON-ON-SEA,14.599308,0.442301,3708
8,16,0,0,0,1,1,0,0,0,0,0,0,0,WEST MERSEA,4.66897,0.023444,3710
12.5,25,1,1,1,0,0,0,1,0,0,1,1,1,WEST MERSEA,5.76405,0.054398,3710
17,34,0,0,0,0,0,0,0,1,0,0,0,0,WEST MERSEA,7.841462,0.111461,3710
20,40,0,0,0,0,0,1,0,0,0,0,0,0,WEST MERSEA,10.471228,0.170159,3710
24,48,0,0,0,0,0,0,0,0,0,0,0,0,WEST MERSEA,11.978529,0.269915,3710
8,16,0,0,0,1,1,0,0,0,0,0,0,0,BURNHAM-ON-CROUCH,3.293225,0.01167,4500
12.5,25,1,1,1,0,0,0,1,0,0,1,1,1,BURNHAM-ON-CROUCH,4.342213,0.064792,4500
17,34,0,0,0,0,0,0,0,1,0,0,0,0,BURNHAM-ON-CROUCH,8.489105,0.14094,4500
20,40,0,0,0,0,0,1,0,0,0,0,0,0,BURNHAM-ON-CROUCH,12.644332,0.194536,4500
24,48,0,0,0,0,0,0,0,0,0,0,0,0,BURNHAM-ON-CROUCH,15.317775,0.255821,4500
8,16,0,0,0,1,1,0,0,0,0,0,0,0,SOUTHEND-ON-SEA,3.92855,0.035336,4522
12.5,25,1,1,1,0,0,0,1,0,0,1,1,1,SOUTHEND-ON-SEA,7.910588,0.071657,4522
17,34,0,0,0,0,0,0,0,1,0,0,0,0,SOUTHEND-ON-SEA,10.404447,0.121652,4522
20,40,0,0,0,0,0,1,0,0,0,0,0,0,SOUTHEND-ON-SEA,11.372257,0.159542,4522
24,48,0,0,0,0,0,0,0,0,0,0,0,0,SOUTHEND-ON-SEA,14.317437,0.21474,4522
8,16,0,0,0,1,1,0,0,0,0,0,0,0,TOWER,0.998186,0.001183,4533
12.5,25,1,1,1,0,0,0,1,0,0,1,1,1,TOWER,1.58457,0.002058,4533
17,34,0,0,0,0,0,0,0,1,0,0,0,0,TOWER,2.054467,0.003068,4533
20,40,0,0,0,0,0,1,0,0,0,0,0,0,TOWER,2.254762,0.003951,4533
24,48,0,0,0,0,0,0,0,0,0,0,0,0,TOWER,2.493394,0.00495,4533
8,16,0,0,0,1,1,0,0,0,0,0,0,0,CHISWICK,0.801405,0.000626,4536
12.5,25,1,1,1,0,0,0,1,0,0,1,1,1,CHISWICK,1.090477,0.000976,4536
17,34,0,0,0,0,0,0,0,1,0,0,0,0,CHISWICK,1.463402,0.001591,4536
20,40,0,0,0,0,0,1,0,0,0,0,0,0,CHISWICK,1.714965,0.00214,4536
24,48,0,0,0,0,0,0,0,0,0,0,0,0,CHISWICK,2.037222,0.003007,4536
8,16,0,0,0,1,1,0,0,0,0,0,0,0,TEDDINGTON,0.45482,0.000241,4539
12.5,25,1,1,1,0,0,0,1,0,0,1,1,1,TEDDINGTON,0.689688,0.000486,4539
17,34,0,0,0,0,0,0,0,1,0,0,0,0,TEDDINGTON,0.927065,0.00077,4539
20,40,0,0,0,0,0,1,0,0,0,0,0,0,TEDDINGTON,1.125279,0.001047,4539
24,48,0,0,0,0,0,0,0,0,0,0,0,0,TEDDINGTON,1.472946,0.001619,4539
8,16,0,0,0,1,1,0,0,0,0,0,0,0,GRAVESEND,1.267292,0.006092,4530
12.5,25,1,1,1,0,0,0,1,0,0,1,1,1,GRAVESEND,2.889259,0.012588,4530
17,34,0,0,0,0,0,0,0,1,0,0,0,0,GRAVESEND,3.942776,0.023714,4530
20,40,0,0,0,0,0,1,0,0,0,0,0,0,GRAVESEND,6.221224,0.037667,4530
24,48,0,0,0,0,0,0,0,0,0,0,0,0,GRAVESEND,8.891636,0.060927,4530
8,16,0,0,0,1,1,0,0,0,0,0,0,0,SHEERNESS,4.699096,0.040166,4544
12.5,25,1,1,1,0,0,0,1,0,0,1,1,1,SHEERNESS,7.880381,0.076023,4544
17,34,0,0,0,0,0,0,0,1,0,0,0,0,SHEERNESS,10.12006,0.118285,4544
20,40,0,0,0,0,0,1,0,0,0,0,0,0,SHEERNESS,11.120441,0.152735,4544
24,48,0,0,0,0,0,0,0,0,0,0,0,0,SHEERNESS,12.7513,0.208188,4544
8,16,0,0,0,1,1,0,0,0,0,0,0,0,WHITSTABLE,1.574437,0.038741,4566
12.5,25,1,1,1,0,0,0,1,0,0,1,1,1,WHITSTABLE,2.620117,0.092322,4566
17,34,0,0,0,0,0,0,0,1,0,0,0,0,WHITSTABLE,5.96328,0.158135,4566
20,40,0,0,0,0,0,1,0,0,0,0,0,0,WHITSTABLE,8.940018,0.211289,4566
24,48,0,0,0,0,0,0,0,0,0,0,0,0,WHITSTABLE,11.538507,0.301099,4566
8,16,0,0,0,1,1,0,0,0,0,0,0,0,MARGATE,1.335003,0.060482,4588
12.5,25,1,1,1,0,0,0,1,0,0,1,1,1,MARGATE,2.483184,0.157098,4588
17,34,0,0,0,0,0,0,0,1,0,0,0,0,MARGATE,3.56555,0.296697,4588
20,40,0,0,0,0,0,1,0,0,0,0,0,0,MARGATE,4.614143,0.412061,4588
24,48,0,0,0,0,0,0,0,0,0,0,0,0,MARGATE,6.607982,0.5906,4588
8,16,0,0,0,1,1,0,0,0,0,0,0,0,RAMSGATE,1.757079,0.050788,4608
12.5,25,1,1,1,0,0,0,1,0,0,1,1,1,RAMSGATE,2.756893,0.135997,4608
17,34,0,0,0,0,0,0,0,1,0,0,0,0,RAMSGATE,3.777104,0.271905,4608
24,48,0,0,0,0,0,0,0,0,0,0,0,0,RAMSGATE,5.204583,0.591201,4608
8,16,0,0,0,1,1,0,0,0,0,0,0,0,WALMER,1.437748,0.050562,4626
12.5,25,1,1,1,0,0,0,1,0,0,1,1,1,WALMER,2.607241,0.127208,4626
17,34,0,0,0,0,0,0,0,1,0,0,0,0,WALMER,3.713926,0.254867,4626
24,48,0,0,0,0,0,0,0,0,0,0,0,0,WALMER,4.922903,0.556736,4626
8,16,0,0,0,1,1,0,0,0,0,0,0,0,DOVER,1.243139,0.050986,5113
12.5,25,1,1,1,0,0,0,1,0,0,1,1,1,DOVER,1.892855,0.132945,5113
17,34,0,0,0,0,0,0,0,1,0,0,0,0,DOVER,2.909377,0.247396,5113
24,48,0,0,0,0,0,0,0,0,0,0,0,0,DOVER,4.67562,0.501431,5113
8,16,0,0,0,1,1,0,0,0,0,0,0,0,HAYLING ISLAND,2.645603,0.043376,5320
12.5,25,1,1,1,0,0,0,1,0,0,1,1,1,HAYLING ISLAND,4.177523,0.098804,5320
17,34,0,0,0,0,0,0,0,1,0,0,0,0,HAYLING ISLAND,5.552993,0.175007,5320
20,40,0,0,0,0,0,1,0,0,0,0,0,0,HAYLING ISLAND,7.453638,0.240339,5320
24,48,0,0,0,0,0,0,0,0,0,0,0,0,HAYLING ISLAND,9.350212,0.348145,5320
8,16,0,0,0,1,1,0,0,0,0,0,0,0,PORTSMOUTH,3.08249,0.041249,5337
12.5,25,1,1,1,0,0,0,1,0,0,1,1,1,PORTSMOUTH,4.402853,0.08398,5337
17,34,0,0,0,0,0,0,0,1,0,0,0,0,PORTSMOUTH,6.925469,0.151772,5337
20,40,0,0,0,0,0,1,0,0,0,0,0,0,PORTSMOUTH,8.124357,0.211612,5337
24,48,0,0,0,0,0,0,0,0,0,0,0,0,PORTSMOUTH,9.413207,0.315995,5337
8,16,0,0,0,1,1,0,0,0,0,0,0,0,CALSHOT,3.237568,0.022479,5343
12.5,25,1,1,1,0,0,0,1,0,0,1,1,1,CALSHOT,5.172404,0.039915,5343
17,34,0,0,0,0,0,0,0,1,0,0,0,0,CALSHOT,7.111188,0.084306,5343
20,40,0,0,0,0,0,1,0,0,0,0,0,0,CALSHOT,8.287706,0.134009,5343
24,48,0,0,0,0,0,0,0,0,0,0,0,0,CALSHOT,9.525977,0.229299,5343
8,16,0,0,0,1,1,0,0,0,0,0,0,0,LYMINGTON,2.123984,0.02244,5359
12.5,25,1,1,1,0,0,0,1,0,0,1,1,1,LYMINGTON,3.927504,0.066387,5359
17,34,0,0,0,0,0,0,0,1,0,0,0,0,LYMINGTON,5.681593,0.131482,5359
20,40,0,0,0,0,0,1,0,0,0,0,0,0,LYMINGTON,7.782323,0.187607,5359
24,48,0,0,0,0,0,0,0,0,0,0,0,0,LYMINGTON,10.892216,0.291168,5359
8,16,0,0,0,1,1,0,0,0,0,0,0,0,BEMBRIDGE,2.066027,0.061162,5471
12.5,25,1,1,1,0,0,0,1,0,0,1,1,1,BEMBRIDGE,4.641897,0.129428,5471
17,34,0,0,0,0,0,0,0,1,0,0,0,0,BEMBRIDGE,7.299493,0.226817,5471
20,40,0,0,0,0,0,1,0,0,0,0,0,0,BEMBRIDGE,8.573156,0.309876,5471
24,48,0,0,0,0,0,0,0,0,0,0,0,0,BEMBRIDGE,9.724108,0.444357,5471
8,16,0,0,0,1,1,0,0,0,0,0,0,0,COWES,2.935227,0.025018,5485
12.5,25,1,1,1,0,0,0,1,0,0,1,1,1,COWES,5.517047,0.04886,5485
17,34,0,0,0,0,0,0,0,1,0,0,0,0,COWES,7.467231,0.106508,5485
20,40,0,0,0,0,0,1,0,0,0,0,0,0,COWES,8.735482,0.163737,5485
24,48,0,0,0,0,0,0,0,0,0,0,0,0,COWES,9.721809,0.273891,5485
8,16,0,0,0,1,1,0,0,0,0,0,0,0,YARMOUTH,2.27648,0.032583,5492
12.5,25,1,1,1,0,0,0,1,0,0,1,1,1,YARMOUTH,4.099978,0.0854,5492
17,34,0,0,0,0,0,0,0,1,0,0,0,0,YARMOUTH,5.965236,0.158602,5492
20,40,0,0,0,0,0,1,0,0,0,0,0,0,YARMOUTH,8.441966,0.22191,5492
24,48,0,0,0,0,0,0,0,0,0,0,0,0,YARMOUTH,11.046459,0.337239,5492
8,16,0,0,0,1,1,0,0,0,0,0,0,0,MUDEFORD,1.486736,0.043108,6506
12.5,25,1,1,1,0,0,0,1,0,0,1,1,1,MUDEFORD,4.035129,0.094715,6506
17,34,0,0,0,0,0,0,0,1,0,0,0,0,MUDEFORD,5.780975,0.161727,6506
20,40,0,0,0,0,0,1,0,0,0,0,0,0,MUDEFORD,6.774688,0.222483,6506
24,48,0,0,0,0,0,0,0,0,0,0,0,0,MUDEFORD,8.377732,0.325137,6506
8,16,0,0,0,1,1,0,0,0,0,0,0,0,POOLE,2.445294,0.020151,6515
12.5,25,1,1,1,0,0,0,1,0,0,1,1,1,POOLE,3.324825,0.057016,6515
17,34,0,0,0,0,0,0,0,1,0,0,0,0,POOLE,4.080102,0.122965,6515
20,40,0,0,0,0,0,1,0,0,0,0,0,0,POOLE,4.904076,0.18256,6515
24,48,0,0,0,0,0,0,0,0,0,0,0,0,POOLE,6.045757,0.278972,6515
8,16,0,0,0,1,1,0,0,0,0,0,0,0,SWANAGE,2.305451,0.061524,6522
12.5,25,1,1,1,0,0,0,1,0,0,1,1,1,SWANAGE,3.990852,0.142008,6522
17,34,0,0,0,0,0,0,0,1,0,0,0,0,SWANAGE,4.807239,0.248006,6522
20,40,0,0,0,0,0,1,0,0,0,0,0,0,SWANAGE,5.802513,0.331849,6522
24,48,0,0,0,0,0,0,0,0,0,0,0,0,SWANAGE,7.483696,0.456186,6522
8,16,0,0,0,1,1,0,0,0,0,0,0,0,LITTLESTONE-ON-SEA,0.898979,0.04157,5135
12.5,25,1,1,1,0,0,0,1,0,0,1,1,1,LITTLESTONE-ON-SEA,1.547486,0.10802,5135
17,34,0,0,0,0,0,0,0,1,0,0,0,0,LITTLESTONE-ON-SEA,2.375257,0.201613,5135
20,40,0,0,0,0,0,1,0,0,0,0,0,0,LITTLESTONE-ON-SEA,2.763148,0.279536,5135
24,48,0,0,0,0,0,0,0,0,0,0,0,0,LITTLESTONE-ON-SEA,3.326813,0.408813,5135
8,16,0,0,0,1,1,0,0,0,0,0,0,0,DUNGENESS,1.186749,0.067122,5146
12.5,25,1,1,1,0,0,0,1,0,0,1,1,1,DUNGENESS,1.871509,0.151649,5146
17,34,0,0,0,0,0,0,0,1,0,0,0,0,DUNGENESS,2.465968,0.261455,5146
20,40,0,0,0,0,0,1,0,0,0,0,0,0,DUNGENESS,3.003785,0.35097,5146
24,48,0,0,0,0,0,0,0,0,0,0,0,0,DUNGENESS,3.527257,0.492443,5146
8,16,0,0,0,1,1,0,0,0,0,0,0,0,RYE HARBOUR,0.910554,0.025634,5167
12.5,25,1,1,1,0,0,0,1,0,0,1,1,1,RYE HARBOUR,1.552395,0.076358,5167
17,34,0,0,0,0,0,0,0,1,0,0,0,0,RYE HARBOUR,2.148444,0.165402,5167
20,40,0,0,0,0,0,1,0,0,0,0,0,0,RYE HARBOUR,2.540254,0.24173,5167
24,48,0,0,0,0,0,0,0,0,0,0,0,0,RYE HARBOUR,3.033417,0.358353,5167
8,16,0,0,0,1,1,0,0,0,0,0,0,0,HASTINGS,1.011459,0.049,5189
12.5,25,1,1,1,0,0,0,1,0,0,1,1,1,HASTINGS,1.733028,0.114716,5189
17,34,0,0,0,0,0,0,0,1,0,0,0,0,HASTINGS,2.303845,0.201144,5189
20,40,0,0,0,0,0,1,0,0,0,0,0,0,HASTINGS,2.799067,0.281751,5189
24,48,0,0,0,0,0,0,0,0,0,0,0,0,HASTINGS,3.552955,0.418061,5189
8,16,0,0,0,1,1,0,0,0,0,0,0,0,EASTBOURNE,1.064319,0.046333,5211
12.5,25,1,1,1,0,0,0,1,0,0,1,1,1,EASTBOURNE,1.87456,0.117709,5211
17,34,0,0,0,0,0,0,0,1,0,0,0,0,EASTBOURNE,2.704025,0.222854,5211
20,40,0,0,0,0,0,1,0,0,0,0,0,0,EASTBOURNE,3.33154,0.313398,5211
24,48,0,0,0,0,0,0,0,0,0,0,0,0,EASTBOURNE,4.127104,0.455368,5211
8,16,0,0,0,1,1,0,0,0,0,0,0,0,NEWHAVEN,1.570223,0.03901,5233
12.5,25,1,1,1,0,0,0,1,0,0,1,1,1,NEWHAVEN,2.286482,0.103526,5233
17,34,0,0,0,0,0,0,0,1,0,0,0,0,NEWHAVEN,3.162745,0.202269,5233
20,40,0,0,0,0,0,1,0,0,0,0,0,0,NEWHAVEN,3.666099,0.283955,5233
24,48,0,0,0,0,0,0,0,0,0,0,0,0,NEWHAVEN,4.349835,0.413258,5233
8,16,0,0,0,1,1,0,0,0,0,0,0,0,BRIGHTON,1.213128,0.042884,5255
12.5,25,1,1,1,0,0,0,1,0,0,1,1,1,BRIGHTON,2.241058,0.099746,5255
17,34,0,0,0,0,0,0,0,1,0,0,0,0,BRIGHTON,3.291996,0.182452,5255
20,40,0,0,0,0,0,1,0,0,0,0,0,0,BRIGHTON,3.908365,0.256093,5255
24,48,0,0,0,0,0,0,0,0,0,0,0,0,BRIGHTON,4.654702,0.376157,5255
8,16,0,0,0,1,1,0,0,0,0,0,0,0,SHOREHAM HARBOUR,1.351625,0.038353,5277
12.5,25,1,1,1,0,0,0,1,0,0,1,1,1,SHOREHAM HARBOUR,2.06951,0.093494,5277
17,34,0,0,0,0,0,0,0,1,0,0,0,0,SHOREHAM HARBOUR,3.080739,0.171969,5277
20,40,0,0,0,0,0,1,0,0,0,0,0,0,SHOREHAM HARBOUR,3.971043,0.23651,5277
24,48,0,0,0,0,0,0,0,0,0,0,0,0,SHOREHAM HARBOUR,4.890617,0.340834,5277
8,16,0,0,0,1,1,0,0,0,0,0,0,0,LITTLEHAMPTON,1.386172,0.038206,5299
12.5,25,1,1,1,0,0,0,1,0,0,1,1,1,LITTLEHAMPTON,2.49364,0.095279,5299
17,34,0,0,0,0,0,0,0,1,0,0,0,0,LITTLEHAMPTON,3.524988,0.182593,5299
20,40,0,0,0,0,0,1,0,0,0,0,0,0,LITTLEHAMPTON,4.605682,0.258966,5299
24,48,0,0,0,0,0,0,0,0,0,0,0,0,LITTLEHAMPTON,6.23234,0.375662,5299
8,16,0,0,0,1,1,0,0,0,0,0,0,0,SELSEY,1.479631,0.062935,5315
12.5,25,1,1,1,0,0,0,1,0,0,1,1,1,SELSEY,3.470281,0.146823,5315
17,34,0,0,0,0,0,0,0,1,0,0,0,0,SELSEY,5.180226,0.246771,5315
20,40,0,0,0,0,0,1,0,0,0,0,0,0,SELSEY,6.003473,0.32468,5315
24,48,0,0,0,0,0,0,0,0,0,0,0,0,SELSEY,8.10014,0.44858,5315
8,16,0,0,0,1,1,0,0,0,0,0,0,0,WEYMOUTH,1.889966,0.046213,6544
12.5,25,1,1,1,0,0,0,1,0,0,1,1,1,WEYMOUTH,2.520466,0.117123,6544
17,34,0,0,0,0,0,0,0,1,0,0,0,0,WEYMOUTH,3.101689,0.217272,6544
20,40,0,0,0,0,0,1,0,0,0,0,0,0,WEYMOUTH,3.529946,0.301369,6544
24,48,0,0,0,0,0,0,0,0,0,0,0,0,WEYMOUTH,4.165516,0.438641,6544
8,16,0,0,0,1,1,0,0,0,0,0,0,0,LYME REGIS,1.058126,0.039905,6565
12.5,25,1,1,1,0,0,0,1,0,0,1,1,1,LYME REGIS,1.542577,0.093738,6565
17,34,0,0,0,0,0,0,0,1,0,0,0,0,LYME REGIS,2.284769,0.165215,6565
20,40,0,0,0,0,0,1,0,0,0,0,0,0,LYME REGIS,2.832986,0.222554,6565
24,48,0,0,0,0,0,0,0,0,0,0,0,0,LYME REGIS,4.067215,0.316767,6565
8,16,0,0,0,1,1,0,0,0,0,0,0,0,EXMOUTH,1.584639,0.033738,6586
12.5,25,1,1,1,0,0,0,1,0,0,1,1,1,EXMOUTH,2.243216,0.081243,6586
17,34,0,0,0,0,0,0,0,1,0,0,0,0,EXMOUTH,2.900889,0.143746,6586
20,40,0,0,0,0,0,1,0,0,0,0,0,0,EXMOUTH,3.370055,0.196669,6586
24,48,0,0,0,0,0,0,0,0,0,0,0,0,EXMOUTH,4.14187,0.28463,6586
8,16,0,0,0,1,1,0,0,0,0,0,0,0,TEIGNMOUTH,1.430891,0.038658,6598
12.5,25,1,1,1,0,0,0,1,0,0,1,1,1,TEIGNMOUTH,2.408121,0.086296,6598
17,34,0,0,0,0,0,0,0,1,0,0,0,0,TEIGNMOUTH,3.167597,0.157539,6598
20,40,0,0,0,0,0,1,0,0,0,0,0,0,TEIGNMOUTH,3.844573,0.217257,6598
24,48,0,0,0,0,0,0,0,0,0,0,0,0,TEIGNMOUTH,4.499771,0.308989,6598
8,16,0,0,0,1,1,0,0,0,0,0,0,0,TORBAY,1.458293,0.049641,6609
12.5,25,1,1,1,0,0,0,1,0,0,1,1,1,TORBAY,2.641384,0.121645,6609
17,34,0,0,0,0,0,0,0,1,0,0,0,0,TORBAY,3.682199,0.216499,6609
20,40,0,0,0,0,0,1,0,0,0,0,0,0,TORBAY,4.546936,0.297621,6609
24,48,0,0,0,0,0,0,0,0,0,0,0,0,TORBAY,5.56063,0.428723,6609
8,16,0,0,0,1,1,0,0,0,0,0,0,0,DART,1.607195,0.033213,6613
12.5,25,1,1,1,0,0,0,1,0,0,1,1,1,DART,2.436529,0.09576,6613
17,34,0,0,0,0,0,0,0,1,0,0,0,0,DART,3.695862,0.197495,6613
20,40,0,0,0,0,0,1,0,0,0,0,0,0,DART,4.572455,0.288228,6613
24,48,0,0,0,0,0,0,0,0,0,0,0,0,DART,5.740126,0.4354,6613
8,16,0,0,0,1,1,0,0,0,0,0,0,0,SALCOMBE,1.718853,0.041112,6617
12.5,25,1,1,1,0,0,0,1,0,0,1,1,1,SALCOMBE,2.714877,0.121335,6617
17,34,0,0,0,0,0,0,0,1,0,0,0,0,SALCOMBE,3.984129,0.236766,6617
20,40,0,0,0,0,0,1,0,0,0,0,0,0,SALCOMBE,5.372306,0.337709,6617
24,48,0,0,0,0,0,0,0,0,0,0,0,0,SALCOMBE,7.20905,0.504504,6617
8,16,0,0,0,1,1,0,0,0,0,0,0,0,PLYMOUTH,3.338783,0.03061,6716
12.5,25,1,1,1,0,0,0,1,0,0,1,1,1,PLYMOUTH,4.571275,0.083992,6716
17,34,0,0,0,0,0,0,0,1,0,0,0,0,PLYMOUTH,5.473999,0.154005,6716
20,40,0,0,0,0,0,1,0,0,0,0,0,0,PLYMOUTH,6.123293,0.21389,6716
24,48,0,0,0,0,0,0,0,0,0,0,0,0,PLYMOUTH,7.448469,0.314517,6716
8,16,0,0,0,1,1,0,0,0,0,0,0,0,LOOE,1.144094,0.039718,6725
12.5,25,1,1,1,0,0,0,1,0,0,1,1,1,LOOE,2.302301,0.097775,6725
17,34,0,0,0,0,0,0,0,1,0,0,0,0,LOOE,4.141836,0.173589,6725
20,40,0,0,0,0,0,1,0,0,0,0,0,0,LOOE,5.659201,0.236447,6725
24,48,0,0,0,0,0,0,0,0,0,0,0,0,LOOE,6.974661,0.330915,6725
8,16,0,0,0,1,1,0,0,0,0,0,0,0,FOWEY,1.583869,0.037361,6738
12.5,25,1,1,1,0,0,0,1,0,0,1,1,1,FOWEY,2.310981,0.089479,6738
17,34,0,0,0,0,0,0,0,1,0,0,0,0,FOWEY,2.866225,0.163356,6738
20,40,0,0,0,0,0,1,0,0,0,0,0,0,FOWEY,3.607853,0.223976,6738
24,48,0,0,0,0,0,0,0,0,0,0,0,0,FOWEY,6.060871,0.319542,6738
8,16,0,0,0,1,1,0,0,0,0,0,0,0,FALMOUTH,2.800291,0.031683,6750
12.5,25,1,1,1,0,0,0,1,0,0,1,1,1,FALMOUTH,3.478897,0.077622,6750
17,34,0,0,0,0,0,0,0,1,0,0,0,0,FALMOUTH,4.297253,0.154228,6750
20,40,0,0,0,0,0,1,0,0,0,0,0,0,FALMOUTH,4.938559,0.228213,6750
24,48,0,0,0,0,0,0,0,0,0,0,0,0,FALMOUTH,5.93002,0.350983,6750
8,16,0,0,0,1,1,0,0,0,0,0,0,0,THE LIZARD,1.447007,0.063572,6794
12.5,25,1,1,1,0,0,0,1,0,0,1,1,1,THE LIZARD,2.506099,0.165656,6794
17,34,0,0,0,0,0,0,0,1,0,0,0,0,THE LIZARD,4.273368,0.304468,6794
20,40,0,0,0,0,0,1,0,0,0,0,0,0,THE LIZARD,5.356414,0.408596,6794
24,48,0,0,0,0,0,0,0,0,0,0,0,0,THE LIZARD,6.229394,0.570878,6794
8,16,0,0,0,1,1,0,0,0,0,0,0,0,PENLEE,0.950378,0.029538,6816
12.5,25,1,1,1,0,0,0,1,0,0,1,1,1,PENLEE,1.660551,0.079736,6816
17,34,0,0,0,0,0,0,0,1,0,0,0,0,PENLEE,2.462593,0.160645,6816
20,40,0,0,0,0,0,1,0,0,0,0,0,0,PENLEE,3.115511,0.243172,6816
24,48,0,0,0,0,0,0,0,0,0,0,0,0,PENLEE,3.978175,0.390954,6816
8,16,0,0,0,1,1,0,0,0,0,0,0,0,ST MARY'S,2.293953,0.081997,6835
12.5,25,1,1,1,0,0,0,1,0,0,1,1,1,ST MARY'S,2.90194,0.205455,6835
17,34,0,0,0,0,0,0,0,1,0,0,0,0,ST MARY'S,3.510023,0.383687,6835
20,40,0,0,0,0,0,1,0,0,0,0,0,0,ST MARY'S,3.915418,0.53294,6835
24,48,0,0,0,0,0,0,0,0,0,0,0,0,ST MARY'S,4.455947,0.769814,6835
8,16,0,0,0,1,1,0,0,0,0,0,0,0,SENNEN COVE,1.427589,0.06156,7601
12.5,25,1,1,1,0,0,0,1,0,0,1,1,1,SENNEN COVE,2.430621,0.170037,7601
17,34,0,0,0,0,0,0,0,1,0,0,0,0,SENNEN COVE,3.487451,0.331841,7601
20,40,0,0,0,0,0,1,0,0,0,0,0,0,SENNEN COVE,4.223605,0.462691,7601
24,48,0,0,0,0,0,0,0,0,0,0,0,0,SENNEN COVE,5.407955,0.66475,7601
8,16,0,0,0,1,1,0,0,0,0,0,0,0,ST IVES,1.357001,0.043341,7613
12.5,25,1,1,1,0,0,0,1,0,0,1,1,1,ST IVES,2.030969,0.105619,7613
17,34,0,0,0,0,0,0,0,1,0,0,0,0,ST IVES,2.778333,0.201147,7613
20,40,0,0,0,0,0,1,0,0,0,0,0,0,ST IVES,3.538572,0.287163,7613
24,48,0,0,0,0,0,0,0,0,0,0,0,0,ST IVES,4.362067,0.437842,7613
8,16,0,0,0,1,1,0,0,0,0,0,0,0,ST AGNES,1.247098,0.039752,7625
12.5,25,1,1,1,0,0,0,1,0,0,1,1,1,ST AGNES,1.936946,0.097544,7625
17,34,0,0,0,0,0,0,0,1,0,0,0,0,ST AGNES,2.739973,0.171319,7625
20,40,0,0,0,0,0,1,0,0,0,0,0,0,ST AGNES,3.285514,0.235709,7625
24,48,0,0,0,0,0,0,0,0,0,0,0,0,ST AGNES,4.352374,0.342017,7625
8,16,0,0,0,1,1,0,0,0,0,0,0,0,NEWQUAY (CORNWALL),1.34491,0.042585,7637
12.5,25,1,1,1,0,0,0,1,0,0,1,1,1,NEWQUAY (CORNWALL),2.118424,0.103635,7637
17,34,0,0,0,0,0,0,0,1,0,0,0,0,NEWQUAY (CORNWALL),3.287172,0.194106,7637
20,40,0,0,0,0,0,1,0,0,0,0,0,0,NEWQUAY (CORNWALL),3.919585,0.27034,7637
24,48,0,0,0,0,0,0,0,0,0,0,0,0,NEWQUAY (CORNWALL),4.575903,0.383026,7637
8,16,0,0,0,1,1,0,0,0,0,0,0,0,PADSTOW,1.903416,0.059981,7659
12.5,25,1,1,1,0,0,0,1,0,0,1,1,1,PADSTOW,2.907463,0.137815,7659
17,34,0,0,0,0,0,0,0,1,0,0,0,0,PADSTOW,3.617144,0.243732,7659
20,40,0,0,0,0,0,1,0,0,0,0,0,0,PADSTOW,4.047853,0.329794,7659
24,48,0,0,0,0,0,0,0,0,0,0,0,0,PADSTOW,4.594523,0.462346,7659
8,16,0,0,0,1,1,0,0,0,0,0,0,0,ROCK,1.6972,0.033008,7700
12.5,25,1,1,1,0,0,0,1,0,0,1,1,1,ROCK,2.454324,0.094915,7700
17,34,0,0,0,0,0,0,0,1,0,0,0,0,ROCK,3.33702,0.184376,7700
20,40,0,0,0,0,0,1,0,0,0,0,0,0,ROCK,3.772596,0.260552,7700
24,48,0,0,0,0,0,0,0,0,0,0,0,0,ROCK,4.283263,0.379869,7700
8,16,0,0,0,1,1,0,0,0,0,0,0,0,PORT ISAAC,1.463572,0.039365,7771
12.5,25,1,1,1,0,0,0,1,0,0,1,1,1,PORT ISAAC,2.53701,0.09859,7771
17,34,0,0,0,0,0,0,0,1,0,0,0,0,PORT ISAAC,3.224491,0.189904,7771
20,40,0,0,0,0,0,1,0,0,0,0,0,0,PORT ISAAC,3.76093,0.262679,7771
24,48,0,0,0,0,0,0,0,0,0,0,0,0,PORT ISAAC,4.280155,0.375921,7771
8,16,0,0,0,1,1,0,0,0,0,0,0,0,BUDE,0.984949,0.038436,7793
12.5,25,1,1,1,0,0,0,1,0,0,1,1,1,BUDE,1.601614,0.092437,7793
17,34,0,0,0,0,0,0,0,1,0,0,0,0,BUDE,2.323507,0.179926,7793
20,40,0,0,0,0,0,1,0,0,0,0,0,0,BUDE,2.78105,0.258681,7793
24,48,0,0,0,0,0,0,0,0,0,0,0,0,BUDE,3.765589,0.379995,7793
8,16,0,0,0,1,1,0,0,0,0,0,0,0,CLOVELLY,0.998812,0.039402,7815
12.5,25,1,1,1,0,0,0,1,0,0,1,1,1,CLOVELLY,2.205768,0.098433,7815
17,34,0,0,0,0,0,0,0,1,0,0,0,0,CLOVELLY,3.606325,0.186501,7815
20,40,0,0,0,0,0,1,0,0,0,0,0,0,CLOVELLY,4.123067,0.267505,7815
24,48,0,0,0,0,0,0,0,0,0,0,0,0,CLOVELLY,4.744799,0.399793,7815
8,16,0,0,0,1,1,0,0,0,0,0,0,0,APPLEDORE,1.723985,0.028402,7836
12.5,25,1,1,1,0,0,0,1,0,0,1,1,1,APPLEDORE,2.327307,0.067883,7836
17,34,0,0,0,0,0,0,0,1,0,0,0,0,APPLEDORE,3.108767,0.138211,7836
20,40,0,0,0,0,0,1,0,0,0,0,0,0,APPLEDORE,3.741135,0.206024,7836
24,48,0,0,0,0,0,0,0,0,0,0,0,0,APPLEDORE,4.458612,0.325449,7836
8,16,0,0,0,1,1,0,0,0,0,0,0,0,ILFRACOMBE,1.252732,0.049292,7860
12.5,25,1,1,1,0,0,0,1,0,0,1,1,1,ILFRACOMBE,2.015697,0.13066,7860
17,34,0,0,0,0,0,0,0,1,0,0,0,0,ILFRACOMBE,3.270833,0.252448,7860
20,40,0,0,0,0,0,1,0,0,0,0,0,0,ILFRACOMBE,4.06507,0.346793,7860
24,48,0,0,0,0,0,0,0,0,0,0,0,0,ILFRACOMBE,5.388513,0.475575,7860
8,16,0,0,0,1,1,0,0,0,0,0,0,0,MINEHEAD,1.048694,0.046426,7901
12.5,25,1,1,1,0,0,0,1,0,0,1,1,1,MINEHEAD,1.598756,0.103339,7901
17,34,0,0,0,0,0,0,0,1,0,0,0,0,MINEHEAD,2.388425,0.162904,7901
20,40,0,0,0,0,0,1,0,0,0,0,0,0,MINEHEAD,3.487069,0.203507,7901
24,48,0,0,0,0,0,0,0,0,0,0,0,0,MINEHEAD,4.540085,0.259988,7901
8,16,0,0,0,1,1,0,0,0,0,0,0,0,BURNHAM-ON-SEA,1.367217,0.027593,7918
12.5,25,1,1,1,0,0,0,1,0,0,1,1,1,BURNHAM-ON-SEA,2.225936,0.069797,7918
17,34,0,0,0,0,0,0,0,1,0,0,0,0,BURNHAM-ON-SEA,3.548902,0.118097,7918
20,40,0,0,0,0,0,1,0,0,0,0,0,0,BURNHAM-ON-SEA,4.110641,0.141427,7918
24,48,0,0,0,0,0,0,0,0,0,0,0,0,BURNHAM-ON-SEA,5.179482,0.168968,7918
8,16,0,0,0,1,1,0,0,0,0,0,0,0,WESTON-SUPER-MARE,1.480528,0.054508,7923
12.5,25,1,1,1,0,0,0,1,0,0,1,1,1,WESTON-SUPER-MARE,2.958204,0.099859,7923
17,34,0,0,0,0,0,0,0,1,0,0,0,0,WESTON-SUPER-MARE,4.352122,0.135396,7923
20,40,0,0,0,0,0,1,0,0,0,0,0,0,WESTON-SUPER-MARE,5.248517,0.15498,7923
24,48,0,0,0,0,0,0,0,0,0,0,0,0,WESTON-SUPER-MARE,6.580269,0.179042,7923
8,16,0,0,0,1,1,0,0,0,0,0,0,0,PENARTH,1.564814,0.048695,8085
12.5,25,1,1,1,0,0,0,1,0,0,1,1,1,PENARTH,2.796354,0.102289,8085
17,34,0,0,0,0,0,0,0,1,0,0,0,0,PENARTH,4.073319,0.150286,8085
20,40,0,0,0,0,0,1,0,0,0,0,0,0,PENARTH,5.047157,0.174709,8085
24,48,0,0,0,0,0,0,0,0,0,0,0,0,PENARTH,6.221949,0.206404,8085
8,16,0,0,0,1,1,0,0,0,0,0,0,0,BARRY DOCK,1.553509,0.052737,8102
12.5,25,1,1,1,0,0,0,1,0,0,1,1,1,BARRY DOCK,2.551187,0.125831,8102
17,34,0,0,0,0,0,0,0,1,0,0,0,0,BARRY DOCK,3.860578,0.174138,8102
20,40,0,0,0,0,0,1,0,0,0,0,0,0,BARRY DOCK,4.62428,0.201732,8102
24,48,0,0,0,0,0,0,0,0,0,0,0,0,BARRY DOCK,6.003496,0.242097,8102
8,16,0,0,0,1,1,0,0,0,0,0,0,0,ATLANTIC COLLEGE,1.129543,0.051397,8124
12.5,25,1,1,1,0,0,0,1,0,0,1,1,1,ATLANTIC COLLEGE,1.921179,0.121859,8124
17,34,0,0,0,0,0,0,0,1,0,0,0,0,ATLANTIC COLLEGE,3.041008,0.202896,8124
20,40,0,0,0,0,0,1,0,0,0,0,0,0,ATLANTIC COLLEGE,3.930063,0.262048,8124
24,48,0,0,0,0,0,0,0,0,0,0,0,0,ATLANTIC COLLEGE,5.549511,0.322493,8124
8,16,0,0,0,1,1,0,0,0,0,0,0,0,PORTHCAWL,1.216471,0.05087,8146
12.5,25,1,1,1,0,0,0,1,0,0,1,1,1,PORTHCAWL,2.299183,0.123382,8146
17,34,0,0,0,0,0,0,0,1,0,0,0,0,PORTHCAWL,3.239772,0.204902,8146
20,40,0,0,0,0,0,1,0,0,0,0,0,0,PORTHCAWL,3.762487,0.254061,8146
24,48,0,0,0,0,0,0,0,0,0,0,0,0,PORTHCAWL,4.548756,0.324138,8146
8,16,0,0,0,1,1,0,0,0,0,0,0,0,PORT TALBOT,1.681707,0.034132,8168
12.5,25,1,1,1,0,0,0,1,0,0,1,1,1,PORT TALBOT,2.303016,0.07892,8168
17,34,0,0,0,0,0,0,0,1,0,0,0,0,PORT TALBOT,2.843899,0.142766,8168
20,40,0,0,0,0,0,1,0,0,0,0,0,0,PORT TALBOT,3.30773,0.200778,8168
24,48,0,0,0,0,0,0,0,0,0,0,0,0,PORT TALBOT,4.112221,0.289021,8168
8,16,0,0,0,1,1,0,0,0,0,0,0,0,THE MUMBLES,1.813033,0.050618,8180
12.5,25,1,1,1,0,0,0,1,0,0,1,1,1,THE MUMBLES,2.484928,0.103929,8180
17,34,0,0,0,0,0,0,0,1,0,0,0,0,THE MUMBLES,3.288038,0.18907,8180
20,40,0,0,0,0,0,1,0,0,0,0,0,0,THE MUMBLES,3.911803,0.267527,8180
24,48,0,0,0,0,0,0,0,0,0,0,0,0,THE MUMBLES,5.495207,0.375235,8180
8,16,0,0,0,1,1,0,0,0,0,0,0,0,HORTON & PORT EYNON,1.352244,0.056213,8212
12.5,25,1,1,1,0,0,0,1,0,0,1,1,1,HORTON & PORT EYNON,2.771774,0.153597,8212
17,34,0,0,0,0,0,0,0,1,0,0,0,0,HORTON & PORT EYNON,5.43746,0.28481,8212
20,40,0,0,0,0,0,1,0,0,0,0,0,0,HORTON & PORT EYNON,6.90945,0.376222,8212
24,48,0,0,0,0,0,0,0,0,0,0,0,0,HORTON & PORT EYNON,8.221907,0.484637,8212
8,16,0,0,0,1,1,0,0,0,0,0,0,0,BURRY PORT,2.369772,0.029213,8226
12.5,25,1,1,1,0,0,0,1,0,0,1,1,1,BURRY PORT,4.221989,0.073948,8226
17,34,0,0,0,0,0,0,0,1,0,0,0,0,BURRY PORT,5.402728,0.145329,8226
20,40,0,0,0,0,0,1,0,0,0,0,0,0,BURRY PORT,5.942826,0.2025,8226
24,48,0,0,0,0,0,0,0,0,0,0,0,0,BURRY PORT,6.731491,0.302189,8226
8,16,0,0,0,1,1,0,0,0,0,0,0,0,TENBY,1.275579,0.047242,8235
12.5,25,1,1,1,0,0,0,1,0,0,1,1,1,TENBY,2.028044,0.109999,8235
17,34,0,0,0,0,0,0,0,1,0,0,0,0,TENBY,4.152475,0.194518,8235
20,40,0,0,0,0,0,1,0,0,0,0,0,0,TENBY,5.305751,0.264199,8235
24,48,0,0,0,0,0,0,0,0,0,0,0,0,TENBY,7.509408,0.380501,8235
8,16,0,0,0,1,1,0,0,0,0,0,0,0,ANGLE,2.269952,0.029079,8257
12.5,25,1,1,1,0,0,0,1,0,0,1,1,1,ANGLE,4.353006,0.091586,8257
17,34,0,0,0,0,0,0,0,1,0,0,0,0,ANGLE,5.828432,0.20379,8257
20,40,0,0,0,0,0,1,0,0,0,0,0,0,ANGLE,6.551931,0.294654,8257
24,48,0,0,0,0,0,0,0,0,0,0,0,0,ANGLE,7.640181,0.456065,8257
8,16,0,0,0,1,1,0,0,0,0,0,0,0,LITTLE & BROAD HAVEN,1.220834,0.025844,8279
12.5,25,1,1,1,0,0,0,1,0,0,1,1,1,LITTLE & BROAD HAVEN,2.504426,0.069433,8279
17,34,0,0,0,0,0,0,0,1,0,0,0,0,LITTLE & BROAD HAVEN,3.937775,0.157338,8279
20,40,0,0,0,0,0,1,0,0,0,0,0,0,LITTLE & BROAD HAVEN,5.099326,0.241223,8279
24,48,0,0,0,0,0,0,0,0,0,0,0,0,LITTLE & BROAD HAVEN,6.865102,0.388167,8279
8,16,0,0,0,1,1,0,0,0,0,0,0,0,ST DAVIDS,1.961797,0.072825,8291
12.5,25,1,1,1,0,0,0,1,0,0,1,1,1,ST DAVIDS,3.420711,0.169137,8291
17,34,0,0,0,0,0,0,0,1,0,0,0,0,ST DAVIDS,4.756977,0.30663,8291
20,40,0,0,0,0,0,1,0,0,0,0,0,0,ST DAVIDS,5.805186,0.428016,8291
24,48,0,0,0,0,0,0,0,0,0,0,0,0,ST DAVIDS,7.252558,0.621137,8291
8,16,0,0,0,1,1,0,0,0,0,0,0,0,FISHGUARD,1.514577,0.04238,8313
12.5,25,1,1,1,0,0,0,1,0,0,1,1,1,FISHGUARD,2.280377,0.105794,8313
17,34,0,0,0,0,0,0,0,1,0,0,0,0,FISHGUARD,3.294685,0.198389,8313
20,40,0,0,0,0,0,1,0,0,0,0,0,0,FISHGUARD,4.111148,0.282723,8313
24,48,0,0,0,0,0,0,0,0,0,0,0,0,FISHGUARD,4.983953,0.432094,8313
8,16,0,0,0,1,1,0,0,0,0,0,0,0,CARDIGAN,1.478235,0.050102,8317
12.5,25,1,1,1,0,0,0,1,0,0,1,1,1,CARDIGAN,2.321684,0.121033,8317
17,34,0,0,0,0,0,0,0,1,0,0,0,0,CARDIGAN,3.060762,0.214541,8317
20,40,0,0,0,0,0,1,0,0,0,0,0,0,CARDIGAN,3.587568,0.295644,8317
24,48,0,0,0,0,0,0,0,0,0,0,0,0,CARDIGAN,4.167941,0.421578,8317
8,16,0,0,0,1,1,0,0,0,0,0,0,0,NEW QUAY (CARDIGANSHIRE),1.042081,0.048005,8325
12.5,25,1,1,1,0,0,0,1,0,0,1,1,1,NEW QUAY (CARDIGANSHIRE),1.536083,0.109069,8325
17,34,0,0,0,0,0,0,0,1,0,0,0,0,NEW QUAY (CARDIGANSHIRE),2.282663,0.191131,8325
20,40,0,0,0,0,0,1,0,0,0,0,0,0,NEW QUAY (CARDIGANSHIRE),2.7352,0.259078,8325
24,48,0,0,0,0,0,0,0,0,0,0,0,0,NEW QUAY (CARDIGANSHIRE),3.418795,0.363825,8325
8,16,0,0,0,1,1,0,0,0,0,0,0,0,ABERYSTWYTH,0.906166,0.043643,8358
12.5,25,1,1,1,0,0,0,1,0,0,1,1,1,ABERYSTWYTH,1.925549,0.10021,8358
17,34,0,0,0,0,0,0,0,1,0,0,0,0,ABERYSTWYTH,2.640314,0.173626,8358
20,40,0,0,0,0,0,1,0,0,0,0,0,0,ABERYSTWYTH,3.100601,0.236266,8358
24,48,0,0,0,0,0,0,0,0,0,0,0,0,ABERYSTWYTH,3.681772,0.330549,8358
8,16,0,0,0,1,1,0,0,0,0,0,0,0,BORTH,1.431717,0.0402,8379
12.5,25,1,1,1,0,0,0,1,0,0,1,1,1,BORTH,2.185083,0.094904,8379
17,34,0,0,0,0,0,0,0,1,0,0,0,0,BORTH,2.837459,0.17641,8379
20,40,0,0,0,0,0,1,0,0,0,0,0,0,BORTH,3.251169,0.238751,8379
24,48,0,0,0,0,0,0,0,0,0,0,0,0,BORTH,3.89352,0.333634,8379
8,16,0,0,0,1,1,0,0,0,0,0,0,0,ABERDOVEY,1.608978,0.033758,8390
12.5,25,1,1,1,0,0,0,1,0,0,1,1,1,ABERDOVEY,2.247243,0.090489,8390
17,34,0,0,0,0,0,0,0,1,0,0,0,0,ABERDOVEY,2.928836,0.171743,8390
20,40,0,0,0,0,0,1,0,0,0,0,0,0,ABERDOVEY,3.49004,0.235819,8390
24,48,0,0,0,0,0,0,0,0,0,0,0,0,ABERDOVEY,4.040158,0.333119,8390
8,16,0,0,0,1,1,0,0,0,0,0,0,0,BARMOUTH,1.12583,0.026719,8414
12.5,25,1,1,1,0,0,0,1,0,0,1,1,1,BARMOUTH,1.959135,0.078657,8414
17,34,0,0,0,0,0,0,0,1,0,0,0,0,BARMOUTH,3.674868,0.155027,8414
20,40,0,0,0,0,0,1,0,0,0,0,0,0,BARMOUTH,4.479243,0.20108,8414
24,48,0,0,0,0,0,0,0,0,0,0,0,0,BARMOUTH,4.833903,0.26915,8414
8,16,0,0,0,1,1,0,0,0,0,0,0,0,CRICCIETH,1.728253,0.031398,8420
12.5,25,1,1,1,0,0,0,1,0,0,1,1,1,CRICCIETH,2.266942,0.064343,8420
17,34,0,0,0,0,0,0,0,1,0,0,0,0,CRICCIETH,2.971646,0.109219,8420
20,40,0,0,0,0,0,1,0,0,0,0,0,0,CRICCIETH,3.54383,0.14482,8420
24,48,0,0,0,0,0,0,0,0,0,0,0,0,CRICCIETH,4.247138,0.203561,8420
8,16,0,0,0,1,1,0,0,0,0,0,0,0,PWLLHELI,1.113087,0.038954,8442
12.5,25,1,1,1,0,0,0,1,0,0,1,1,1,PWLLHELI,2.354012,0.08954,8442
17,34,0,0,0,0,0,0,0,1,0,0,0,0,PWLLHELI,3.231705,0.152673,8442
20,40,0,0,0,0,0,1,0,0,0,0,0,0,PWLLHELI,3.99335,0.204011,8442
24,48,0,0,0,0,0,0,0,0,0,0,0,0,PWLLHELI,4.90021,0.297042,8442
8,16,0,0,0,1,1,0,0,0,0,0,0,0,ABERSOCH,1.198807,0.045583,8464
12.5,25,1,1,1,0,0,0,1,0,0,1,1,1,ABERSOCH,1.896793,0.114596,8464
17,34,0,0,0,0,0,0,0,1,0,0,0,0,ABERSOCH,3.480503,0.205716,8464
20,40,0,0,0,0,0,1,0,0,0,0,0,0,ABERSOCH,4.442444,0.280809,8464
24,48,0,0,0,0,0,0,0,0,0,0,0,0,ABERSOCH,5.434846,0.404076,8464
8,16,0,0,0,1,1,0,0,0,0,0,0,0,PORTHDINLLAEN,1.109122,0.051156,8486
12.5,25,1,1,1,0,0,0,1,0,0,1,1,1,PORTHDINLLAEN,1.694828,0.121146,8486
17,34,0,0,0,0,0,0,0,1,0,0,0,0,PORTHDINLLAEN,3.386227,0.219377,8486
20,40,0,0,0,0,0,1,0,0,0,0,0,0,PORTHDINLLAEN,4.546626,0.303623,8486
24,48,0,0,0,0,0,0,0,0,0,0,0,0,PORTHDINLLAEN,6.406706,0.441133,8486
8,16,0,0,0,1,1,0,0,0,0,0,0,0,TREARDDUR BAY,2.507674,0.05821,8513
12.5,25,1,1,1,0,0,0,1,0,0,1,1,1,TREARDDUR BAY,3.677875,0.149988,8513
17,34,0,0,0,0,0,0,0,1,0,0,0,0,TREARDDUR BAY,5.16531,0.292699,8513
20,40,0,0,0,0,0,1,0,0,0,0,0,0,TREARDDUR BAY,5.850937,0.407793,8513
24,48,0,0,0,0,0,0,0,0,0,0,0,0,TREARDDUR BAY,6.942168,0.584669,8513
8,16,0,0,0,1,1,0,0,0,0,0,0,0,HOLYHEAD,2.620544,0.058599,8525
12.5,25,1,1,1,0,0,0,1,0,0,1,1,1,HOLYHEAD,3.62916,0.154406,8525
17,34,0,0,0,0,0,0,0,1,0,0,0,0,HOLYHEAD,4.900807,0.304122,8525
20,40,0,0,0,0,0,1,0,0,0,0,0,0,HOLYHEAD,6.005072,0.435865,8525
24,48,0,0,0,0,0,0,0,0,0,0,0,0,HOLYHEAD,6.947779,0.639695,8525
8,16,0,0,0,1,1,0,0,0,0,0,0,0,MOELFRE,1.285709,0.04343,8537
12.5,25,1,1,1,0,0,0,1,0,0,1,1,1,MOELFRE,2.262723,0.116407,8537
17,34,0,0,0,0,0,0,0,1,0,0,0,0,MOELFRE,3.596641,0.213141,8537
20,40,0,0,0,0,0,1,0,0,0,0,0,0,MOELFRE,4.516112,0.302318,8537
24,48,0,0,0,0,0,0,0,0,0,0,0,0,MOELFRE,6.839328,0.449393,8537
8,16,0,0,0,1,1,0,0,0,0,0,0,0,BEAUMARIS,1.380018,0.028273,8559
12.5,25,1,1,1,0,0,0,1,0,0,1,1,1,BEAUMARIS,2.693992,0.072188,8559
17,34,0,0,0,0,0,0,0,1,0,0,0,0,BEAUMARIS,4.313596,0.147087,8559
20,40,0,0,0,0,0,1,0,0,0,0,0,0,BEAUMARIS,5.301594,0.223092,8559
24,48,0,0,0,0,0,0,0,0,0,0,0,0,BEAUMARIS,6.667212,0.354028,8559
8,16,0,0,0,1,1,0,0,0,0,0,0,0,CONWY,1.397537,0.028101,8560
12.5,25,1,1,1,0,0,0,1,0,0,1,1,1,CONWY,2.327017,0.08396,8560
17,34,0,0,0,0,0,0,0,1,0,0,0,0,CONWY,3.221247,0.163827,8560
20,40,0,0,0,0,0,1,0,0,0,0,0,0,CONWY,3.977706,0.224887,8560
24,48,0,0,0,0,0,0,0,0,0,0,0,0,CONWY,5.097596,0.324587,8560
8,16,0,0,0,1,1,0,0,0,0,0,0,0,LLANDUDNO,1.395004,0.058088,8571
12.5,25,1,1,1,0,0,0,1,0,0,1,1,1,LLANDUDNO,2.51377,0.135114,8571
17,34,0,0,0,0,0,0,0,1,0,0,0,0,LLANDUDNO,3.688907,0.22944,8571
20,40,0,0,0,0,0,1,0,0,0,0,0,0,LLANDUDNO,4.372191,0.301241,8571
24,48,0,0,0,0,0,0,0,0,0,0,0,0,LLANDUDNO,5.500913,0.420935,8571
8,16,0,0,0,1,1,0,0,0,0,0,0,0,RHYL,1.260088,0.049321,8592
12.5,25,1,1,1,0,0,0,1,0,0,1,1,1,RHYL,1.955512,0.119163,8592
17,34,0,0,0,0,0,0,0,1,0,0,0,0,RHYL,3.925808,0.210765,8592
20,40,0,0,0,0,0,1,0,0,0,0,0,0,RHYL,5.452322,0.283552,8592
24,48,0,0,0,0,0,0,0,0,0,0,0,0,RHYL,6.947335,0.387261,8592
8,16,0,0,0,1,1,0,0,0,0,0,0,0,FLINT,2.238887,0.013349,8666
12.5,25,1,1,1,0,0,0,1,0,0,1,1,1,FLINT,2.905878,0.032037,8666
17,34,0,0,0,0,0,0,0,1,0,0,0,0,FLINT,3.907454,0.077625,8666
20,40,0,0,0,0,0,1,0,0,0,0,0,0,FLINT,4.796219,0.116537,8666
24,48,0,0,0,0,0,0,0,0,0,0,0,0,FLINT,5.513641,0.182561,8666
8,16,0,0,0,1,1,0,0,0,0,0,0,0,CLOGHER HEAD,1.207906,0.051398,9118
12.5,25,1,1,1,0,0,0,1,0,0,1,1,1,CLOGHER HEAD,1.748043,0.125771,9118
17,34,0,0,0,0,0,0,0,1,0,0,0,0,CLOGHER HEAD,2.579868,0.205894,9118
20,40,0,0,0,0,0,1,0,0,0,0,0,0,CLOGHER HEAD,3.277076,0.271254,9118
24,48,0,0,0,0,0,0,0,0,0,0,0,0,CLOGHER HEAD,4.08932,0.373199,9118
8,16,0,0,0,1,1,0,0,0,0,0,0,0,SKERRIES,1.301368,0.059822,9129
12.5,25,1,1,1,0,0,0,1,0,0,1,1,1,SKERRIES,2.222247,0.140707,9129
17,34,0,0,0,0,0,0,0,1,0,0,0,0,SKERRIES,2.967037,0.250495,9129
20,40,0,0,0,0,0,1,0,0,0,0,0,0,SKERRIES,3.842602,0.345821,9129
24,48,0,0,0,0,0,0,0,0,0,0,0,0,SKERRIES,4.40754,0.493327,9129
8,16,0,0,0,1,1,0,0,0,0,0,0,0,HOWTH,1.812165,0.064054,9136
12.5,25,1,1,1,0,0,0,1,0,0,1,1,1,HOWTH,2.601783,0.136327,9136
17,34,0,0,0,0,0,0,0,1,0,0,0,0,HOWTH,3.197882,0.241307,9136
20,40,0,0,0,0,0,1,0,0,0,0,0,0,HOWTH,3.547734,0.329318,9136
24,48,0,0,0,0,0,0,0,0,0,0,0,0,HOWTH,4.15343,0.4688,9136
8,16,0,0,0,1,1,0,0,0,0,0,0,0,DUN LAOGHAIRE,1.401393,0.042967,9154
12.5,25,1,1,1,0,0,0,1,0,0,1,1,1,DUN LAOGHAIRE,2.072352,0.103977,9154
17,34,0,0,0,0,0,0,0,1,0,0,0,0,DUN LAOGHAIRE,2.843542,0.190926,9154
20,40,0,0,0,0,0,1,0,0,0,0,0,0,DUN LAOGHAIRE,3.248448,0.266061,9154
24,48,0,0,0,0,0,0,0,0,0,0,0,0,DUN LAOGHAIRE,3.827672,0.390155,9154
8,16,0,0,0,1,1,0,0,0,0,0,0,0,WICKLOW,0.930147,0.047609,9172
12.5,25,1,1,1,0,0,0,1,0,0,1,1,1,WICKLOW,1.559057,0.122092,9172
17,34,0,0,0,0,0,0,0,1,0,0,0,0,WICKLOW,2.128945,0.232054,9172
20,40,0,0,0,0,0,1,0,0,0,0,0,0,WICKLOW,2.613558,0.323994,9172
24,48,0,0,0,0,0,0,0,0,0,0,0,0,WICKLOW,3.356114,0.474582,9172
8,16,0,0,0,1,1,0,0,0,0,0,0,0,ARKLOW,0.887907,0.042252,9190
12.5,25,1,1,1,0,0,0,1,0,0,1,1,1,ARKLOW,1.38329,0.105502,9190
17,34,0,0,0,0,0,0,0,1,0,0,0,0,ARKLOW,1.942482,0.198957,9190
20,40,0,0,0,0,0,1,0,0,0,0,0,0,ARKLOW,2.313234,0.279609,9190
24,48,0,0,0,0,0,0,0,0,0,0,0,0,ARKLOW,2.857096,0.412053,9190
8,16,0,0,0,1,1,0,0,0,0,0,0,0,COURTOWN,0.810436,0.037584,9200
12.5,25,1,1,1,0,0,0,1,0,0,1,1,1,COURTOWN,1.345034,0.099398,9200
17,34,0,0,0,0,0,0,0,1,0,0,0,0,COURTOWN,1.869134,0.190454,9200
20,40,0,0,0,0,0,1,0,0,0,0,0,0,COURTOWN,2.199002,0.267067,9200
24,48,0,0,0,0,0,0,0,0,0,0,0,0,COURTOWN,3.026209,0.394872,9200
8,16,0,0,0,1,1,0,0,0,0,0,0,0,WEXFORD,1.242102,0.023105,9202
12.5,25,1,1,1,0,0,0,1,0,0,1,1,1,WEXFORD,1.733711,0.06343,9202
17,34,0,0,0,0,0,0,0,1,0,0,0,0,WEXFORD,2.370578,0.137462,9202
20,40,0,0,0,0,0,1,0,0,0,0,0,0,WEXFORD,2.823687,0.209108,9202
24,48,0,0,0,0,0,0,0,0,0,0,0,0,WEXFORD,3.515384,0.336248,9202
8,16,0,0,0,1,1,0,0,0,0,0,0,0,ROSSLARE HARBOUR,1.404353,0.054652,9203
12.5,25,1,1,1,0,0,0,1,0,0,1,1,1,ROSSLARE HARBOUR,2.30558,0.136909,9203
17,34,0,0,0,0,0,0,0,1,0,0,0,0,ROSSLARE HARBOUR,3.089268,0.255955,9203
20,40,0,0,0,0,0,1,0,0,0,0,0,0,ROSSLARE HARBOUR,3.687669,0.358791,9203
24,48,0,0,0,0,0,0,0,0,0,0,0,0,ROSSLARE HARBOUR,4.576257,0.525818,9203
8,16,0,0,0,1,1,0,0,0,0,0,0,0,KILMORE QUAY,1.22968,0.054545,9225
12.5,25,1,1,1,0,0,0,1,0,0,1,1,1,KILMORE QUAY,2.215786,0.126009,9225
17,34,0,0,0,0,0,0,0,1,0,0,0,0,KILMORE QUAY,3.224944,0.240894,9225
20,40,0,0,0,0,0,1,0,0,0,0,0,0,KILMORE QUAY,4.036921,0.344563,9225
24,48,0,0,0,0,0,0,0,0,0,0,0,0,KILMORE QUAY,5.393957,0.508349,9225
8,16,0,0,0,1,1,0,0,0,0,0,0,0,FETHARD,1.593544,0.043807,9234
12.5,25,1,1,1,0,0,0,1,0,0,1,1,1,FETHARD,2.393952,0.105639,9234
17,34,0,0,0,0,0,0,0,1,0,0,0,0,FETHARD,3.509991,0.195352,9234
20,40,0,0,0,0,0,1,0,0,0,0,0,0,FETHARD,4.269919,0.271369,9234
24,48,0,0,0,0,0,0,0,0,0,0,0,0,FETHARD,5.280077,0.400786,9234
8,16,0,0,0,1,1,0,0,0,0,0,0,0,DUNMORE EAST,1.65113,0.052519,9237
12.5,25,1,1,1,0,0,0,1,0,0,1,1,1,DUNMORE EAST,3.098328,0.127749,9237
17,34,0,0,0,0,0,0,0,1,0,0,0,0,DUNMORE EAST,4.276244,0.226934,9237
20,40,0,0,0,0,0,1,0,0,0,0,0,0,DUNMORE EAST,4.799169,0.306136,9237
24,48,0,0,0,0,0,0,0,0,0,0,0,0,DUNMORE EAST,5.637364,0.426429,9237
8,16,0,0,0,1,1,0,0,0,0,0,0,0,TRAMORE,1.147746,0.038163,9259
12.5,25,1,1,1,0,0,0,1,0,0,1,1,1,TRAMORE,1.996031,0.103579,9259
17,34,0,0,0,0,0,0,0,1,0,0,0,0,TRAMORE,3.241771,0.196403,9259
20,40,0,0,0,0,0,1,0,0,0,0,0,0,TRAMORE,4.353914,0.270224,9259
24,48,0,0,0,0,0,0,0,0,0,0,0,0,TRAMORE,5.270006,0.377496,9259
8,16,0,0,0,1,1,0,0,0,0,0,0,0,HELVICK HEAD,1.262354,0.046683,9267
12.5,25,1,1,1,0,0,0,1,0,0,1,1,1,HELVICK HEAD,1.839572,0.106803,9267
17,34,0,0,0,0,0,0,0,1,0,0,0,0,HELVICK HEAD,2.628275,0.194193,9267
20,40,0,0,0,0,0,1,0,0,0,0,0,0,HELVICK HEAD,3.464597,0.263504,9267
24,48,0,0,0,0,0,0,0,0,0,0,0,0,HELVICK HEAD,4.275275,0.374095,9267
8,16,0,0,0,1,1,0,0,0,0,0,0,0,YOUGHAL,1.561318,0.03551,9271
12.5,25,1,1,1,0,0,0,1,0,0,1,1,1,YOUGHAL,2.341235,0.091957,9271
17,34,0,0,0,0,0,0,0,1,0,0,0,0,YOUGHAL,3.129252,0.184184,9271
20,40,0,0,0,0,0,1,0,0,0,0,0,0,YOUGHAL,3.75397,0.265889,9271
24,48,0,0,0,0,0,0,0,0,0,0,0,0,YOUGHAL,4.894899,0.395369,9271
8,16,0,0,0,1,1,0,0,0,0,0,0,0,BALLYCOTTON,1.165736,0.051661,9292
12.5,25,1,1,1,0,0,0,1,0,0,1,1,1,BALLYCOTTON,2.346329,0.128885,9292
17,34,0,0,0,0,0,0,0,1,0,0,0,0,BALLYCOTTON,4.187625,0.235303,9292
20,40,0,0,0,0,0,1,0,0,0,0,0,0,BALLYCOTTON,5.233363,0.317563,9292
24,48,0,0,0,0,0,0,0,0,0,0,0,0,BALLYCOTTON,6.430791,0.450215,9292
8,16,0,0,0,1,1,0,0,0,0,0,0,0,CROSSHAVEN,2.354967,0.031263,9298
12.5,25,1,1,1,0,0,0,1,0,0,1,1,1,CROSSHAVEN,3.120848,0.075623,9298
17,34,0,0,0,0,0,0,0,1,0,0,0,0,CROSSHAVEN,4.15887,0.150482,9298
20,40,0,0,0,0,0,1,0,0,0,0,0,0,CROSSHAVEN,4.903619,0.217235,9298
24,48,0,0,0,0,0,0,0,0,0,0,0,0,CROSSHAVEN,6.006414,0.328855,9298
8,16,0,0,0,1,1,0,0,0,0,0,0,0,KINSALE,1.674452,0.028633,9299
12.5,25,1,1,1,0,0,0,1,0,0,1,1,1,KINSALE,2.612549,0.086161,9299
17,34,0,0,0,0,0,0,0,1,0,0,0,0,KINSALE,3.901557,0.176816,9299
20,40,0,0,0,0,0,1,0,0,0,0,0,0,KINSALE,5.132403,0.256439,9299
24,48,0,0,0,0,0,0,0,0,0,0,0,0,KINSALE,6.269177,0.375818,9299
8,16,0,0,0,1,1,0,0,0,0,0,0,0,COURTMACSHERRY HARBOUR,1.244081,0.025228,9300
12.5,25,1,1,1,0,0,0,1,0,0,1,1,1,COURTMACSHERRY HARBOUR,2.394977,0.082912,9300
17,34,0,0,0,0,0,0,0,1,0,0,0,0,COURTMACSHERRY HARBOUR,3.534596,0.16863,9300
20,40,0,0,0,0,0,1,0,0,0,0,0,0,COURTMACSHERRY HARBOUR,4.115647,0.244966,9300
24,48,0,0,0,0,0,0,0,0,0,0,0,0,COURTMACSHERRY HARBOUR,5.317672,0.370189,9300
8,16,0,0,0,1,1,0,0,0,0,0,0,0,BALTIMORE,1.7523,0.048219,9322
12.5,25,1,1,1,0,0,0,1,0,0,1,1,1,BALTIMORE,2.711718,0.116594,9322
17,34,0,0,0,0,0,0,0,1,0,0,0,0,BALTIMORE,3.758386,0.212737,9322
20,40,0,0,0,0,0,1,0,0,0,0,0,0,BALTIMORE,4.347567,0.294278,9322
24,48,0,0,0,0,0,0,0,0,0,0,0,0,BALTIMORE,5.344435,0.439354,9322
8,16,0,0,0,1,1,0,0,0,0,0,0,0,CASTLETOWNBERE,1.257363,0.035386,9338
12.5,25,1,1,1,0,0,0,1,0,0,1,1,1,CASTLETOWNBERE,2.400967,0.080031,9338
17,34,0,0,0,0,0,0,0,1,0,0,0,0,CASTLETOWNBERE,4.325123,0.16396,9338
20,40,0,0,0,0,0,1,0,0,0,0,0,0,CASTLETOWNBERE,5.248168,0.245051,9338
24,48,0,0,0,0,0,0,0,0,0,0,0,0,CASTLETOWNBERE,6.534957,0.377098,9338
8,16,0,0,0,1,1,0,0,0,0,0,0,0,VALENTIA,1.410188,0.040369,9344
12.5,25,1,1,1,0,0,0,1,0,0,1,1,1,VALENTIA,2.373335,0.113749,9344
17,34,0,0,0,0,0,0,0,1,0,0,0,0,VALENTIA,3.807099,0.21786,9344
20,40,0,0,0,0,0,1,0,0,0,0,0,0,VALENTIA,4.838118,0.303478,9344
24,48,0,0,0,0,0,0,0,0,0,0,0,0,VALENTIA,6.354962,0.451973,9344
8,16,0,0,0,1,1,0,0,0,0,0,0,0,FENIT,1.434468,0.032078,9353
12.5,25,1,1,1,0,0,0,1,0,0,1,1,1,FENIT,2.068859,0.065746,9353
17,34,0,0,0,0,0,0,0,1,0,0,0,0,FENIT,2.70157,0.123646,9353
20,40,0,0,0,0,0,1,0,0,0,0,0,0,FENIT,3.263598,0.175015,9353
24,48,0,0,0,0,0,0,0,0,0,0,0,0,FENIT,4.408292,0.257735,9353
8,16,0,0,0,1,1,0,0,0,0,0,0,0,KILRUSH,1.487462,0.019367,9360
12.5,25,1,1,1,0,0,0,1,0,0,1,1,1,KILRUSH,2.295522,0.033137,9360
17,34,0,0,0,0,0,0,0,1,0,0,0,0,KILRUSH,3.219298,0.053956,9360
20,40,0,0,0,0,0,1,0,0,0,0,0,0,KILRUSH,3.951932,0.078845,9360
24,48,0,0,0,0,0,0,0,0,0,0,0,0,KILRUSH,5.141842,0.137205,9360
8,16,0,0,0,1,1,0,0,0,0,0,0,0,ARAN ISLANDS,1.778028,0.065241,9366
12.5,25,1,1,1,0,0,0,1,0,0,1,1,1,ARAN ISLANDS,2.936899,0.174811,9366
17,34,0,0,0,0,0,0,0,1,0,0,0,0,ARAN ISLANDS,4.92655,0.286851,9366
20,40,0,0,0,0,0,1,0,0,0,0,0,0,ARAN ISLANDS,6.082516,0.372864,9366
24,48,0,0,0,0,0,0,0,0,0,0,0,0,ARAN ISLANDS,7.763628,0.4916,9366
8,16,0,0,0,1,1,0,0,0,0,0,0,0,GALWAY,2.191658,0.028579,9371
12.5,25,1,1,1,0,0,0,1,0,0,1,1,1,GALWAY,2.748112,0.044736,9371
17,34,0,0,0,0,0,0,0,1,0,0,0,0,GALWAY,3.055932,0.065375,9371
20,40,0,0,0,0,0,1,0,0,0,0,0,0,GALWAY,3.361233,0.084896,9371
24,48,0,0,0,0,0,0,0,0,0,0,0,0,GALWAY,4.321386,0.118906,9371
8,16,0,0,0,1,1,0,0,0,0,0,0,0,CLIFDEN,1.617725,0.02221,9377
12.5,25,1,1,1,0,0,0,1,0,0,1,1,1,CLIFDEN,2.691969,0.084802,9377
17,34,0,0,0,0,0,0,0,1,0,0,0,0,CLIFDEN,3.993354,0.199219,9377
20,40,0,0,0,0,0,1,0,0,0,0,0,0,CLIFDEN,5.149689,0.304657,9377
24,48,0,0,0,0,0,0,0,0,0,0,0,0,CLIFDEN,6.506207,0.466791,9377
8,16,0,0,0,1,1,0,0,0,0,0,0,0,ACHILL ISLAND,1.723778,0.076934,9380
12.5,25,1,1,1,0,0,0,1,0,0,1,1,1,ACHILL ISLAND,3.349695,0.167226,9380
17,34,0,0,0,0,0,0,0,1,0,0,0,0,ACHILL ISLAND,5.936581,0.26963,9380
20,40,0,0,0,0,0,1,0,0,0,0,0,0,ACHILL ISLAND,7.056633,0.343682,9380
24,48,0,0,0,0,0,0,0,0,0,0,0,0,ACHILL ISLAND,8.652441,0.452663,9380
8,16,0,0,0,1,1,0,0,0,0,0,0,0,BALLYGLASS,2.479077,0.031371,9382
12.5,25,1,1,1,0,0,0,1,0,0,1,1,1,BALLYGLASS,4.251916,0.103659,9382
17,34,0,0,0,0,0,0,0,1,0,0,0,0,BALLYGLASS,5.269435,0.233513,9382
20,40,0,0,0,0,0,1,0,0,0,0,0,0,BALLYGLASS,6.373479,0.349962,9382
24,48,0,0,0,0,0,0,0,0,0,0,0,0,BALLYGLASS,7.527165,0.532524,9382
8,16,0,0,0,1,1,0,0,0,0,0,0,0,SLIGO BAY,1.801904,0.029554,9384
12.5,25,1,1,1,0,0,0,1,0,0,1,1,1,SLIGO BAY,2.418089,0.07187,9384
17,34,0,0,0,0,0,0,0,1,0,0,0,0,SLIGO BAY,2.997752,0.133786,9384
20,40,0,0,0,0,0,1,0,0,0,0,0,0,SLIGO BAY,3.456506,0.19374,9384
24,48,0,0,0,0,0,0,0,0,0,0,0,0,SLIGO BAY,4.956251,0.281353,9384
8,16,0,0,0,1,1,0,0,0,0,0,0,0,BUNDORAN,1.206231,0.034894,9385
12.5,25,1,1,1,0,0,0,1,0,0,1,1,1,BUNDORAN,2.732009,0.073072,9385
17,34,0,0,0,0,0,0,0,1,0,0,0,0,BUNDORAN,3.281505,0.108681,9385
20,40,0,0,0,0,0,1,0,0,0,0,0,0,BUNDORAN,3.727104,0.143994,9385
24,48,0,0,0,0,0,0,0,0,0,0,0,0,BUNDORAN,4.824287,0.206244,9385
8,16,0,0,0,1,1,0,0,0,0,0,0,0,ARRANMORE,1.853277,0.074764,9388
12.5,25,1,1,1,0,0,0,1,0,0,1,1,1,ARRANMORE,3.266529,0.16268,9388
17,34,0,0,0,0,0,0,0,1,0,0,0,0,ARRANMORE,4.619851,0.278626,9388
20,40,0,0,0,0,0,1,0,0,0,0,0,0,ARRANMORE,5.310748,0.374815,9388
24,48,0,0,0,0,0,0,0,0,0,0,0,0,ARRANMORE,6.056675,0.527415,9388
8,16,0,0,0,1,1,0,0,0,0,0,0,0,LOUGH SWILLY,1.384708,0.016943,9584
12.5,25,1,1,1,0,0,0,1,0,0,1,1,1,LOUGH SWILLY,2.200275,0.033564,9584
17,34,0,0,0,0,0,0,0,1,0,0,0,0,LOUGH SWILLY,3.160357,0.078097,9584
20,40,0,0,0,0,0,1,0,0,0,0,0,0,LOUGH SWILLY,4.258813,0.122339,9584
24,48,0,0,0,0,0,0,0,0,0,0,0,0,LOUGH SWILLY,5.973059,0.208311,9584
8,16,0,0,0,1,1,0,0,0,0,0,0,0,UNION HALL,1.25078,0.027959,9311
12.5,25,1,1,1,0,0,0,1,0,0,1,1,1,UNION HALL,2.041315,0.080204,9311
17,34,0,0,0,0,0,0,0,1,0,0,0,0,UNION HALL,3.161727,0.166866,9311
20,40,0,0,0,0,0,1,0,0,0,0,0,0,UNION HALL,4.01608,0.244398,9311
24,48,0,0,0,0,0,0,0,0,0,0,0,0,UNION HALL,5.040763,0.367172,9311
8,16,0,0,0,1,1,0,0,0,0,0,0,0,PORTISHEAD,1.524516,0.031987,7950
12.5,25,1,1,1,0,0,0,1,0,0,1,1,1,PORTISHEAD,3.039588,0.055314,7950
17,34,0,0,0,0,0,0,0,1,0,0,0,0,PORTISHEAD,4.817798,0.079359,7950
20,40,0,0,0,0,0,1,0,0,0,0,0,0,PORTISHEAD,5.448807,0.098692,7950
24,48,0,0,0,0,0,0,0,0,0,0,0,0,PORTISHEAD,6.198275,0.12555,7950
8,16,0,0,0,1,1,0,0,0,0,0,0,0,PORTRUSH,1.327115,0.05184,1111
12.5,25,1,1,1,0,0,0,1,0,0,1,1,1,PORTRUSH,2.135313,0.117621,1111
17,34,0,0,0,0,0,0,0,1,0,0,0,0,PORTRUSH,3.07929,0.218035,1111
20,40,0,0,0,0,0,1,0,0,0,0,0,0,PORTRUSH,3.661777,0.301545,1111
24,48,0,0,0,0,0,0,0,0,0,0,0,0,PORTRUSH,4.402957,0.425184,1111
8,16,0,0,0,1,1,0,0,0,0,0,0,0,RED BAY,0.930341,0.038268,1128
12.5,25,1,1,1,0,0,0,1,0,0,1,1,1,RED BAY,1.563278,0.104738,1128
17,34,0,0,0,0,0,0,0,1,0,0,0,0,RED BAY,2.244821,0.209725,1128
20,40,0,0,0,0,0,1,0,0,0,0,0,0,RED BAY,3.048287,0.292506,1128
24,48,0,0,0,0,0,0,0,0,0,0,0,0,RED BAY,4.096497,0.424397,1128
8,16,0,0,0,1,1,0,0,0,0,0,0,0,LARNE,1.21726,0.036745,1130
12.5,25,1,1,1,0,0,0,1,0,0,1,1,1,LARNE,1.937152,0.106753,1130
17,34,0,0,0,0,0,0,0,1,0,0,0,0,LARNE,2.778855,0.209794,1130
20,40,0,0,0,0,0,1,0,0,0,0,0,0,LARNE,3.282442,0.290426,1130
24,48,0,0,0,0,0,0,0,0,0,0,0,0,LARNE,3.921316,0.408172,1130
8,16,0,0,0,1,1,0,0,0,0,0,0,0,BANGOR,1.198279,0.043575,1133
12.5,25,1,1,1,0,0,0,1,0,0,1,1,1,BANGOR,1.916569,0.099092,1133
17,34,0,0,0,0,0,0,0,1,0,0,0,0,BANGOR,2.819012,0.192042,1133
20,40,0,0,0,0,0,1,0,0,0,0,0,0,BANGOR,3.351526,0.273952,1133
24,48,0,0,0,0,0,0,0,0,0,0,0,0,BANGOR,4.114396,0.399856,1133
8,16,0,0,0,1,1,0,0,0,0,0,0,0,DONAGHADEE,1.193291,0.061901,1155
12.5,25,1,1,1,0,0,0,1,0,0,1,1,1,DONAGHADEE,1.989621,0.146105,1155
17,34,0,0,0,0,0,0,0,1,0,0,0,0,DONAGHADEE,2.970635,0.261194,1155
20,40,0,0,0,0,0,1,0,0,0,0,0,0,DONAGHADEE,3.865647,0.356647,1155
24,48,0,0,0,0,0,0,0,0,0,0,0,0,DONAGHADEE,5.030561,0.477838,1155
8,16,0,0,0,1,1,0,0,0,0,0,0,0,NEWCASTLE,0.985417,0.034758,1189
12.5,25,1,1,1,0,0,0,1,0,0,1,1,1,NEWCASTLE,1.609746,0.084845,1189
17,34,0,0,0,0,0,0,0,1,0,0,0,0,NEWCASTLE,2.49222,0.170488,1189
20,40,0,0,0,0,0,1,0,0,0,0,0,0,NEWCASTLE,3.308405,0.247974,1189
24,48,0,0,0,0,0,0,0,0,0,0,0,0,NEWCASTLE,4.689851,0.386171,1189
8,16,0,0,0,1,1,0,0,0,0,0,0,0,KILKEEL,1.330511,0.052634,1197
12.5,25,1,1,1,0,0,0,1,0,0,1,1,1,KILKEEL,2.259475,0.137278,1197
17,34,0,0,0,0,0,0,0,1,0,0,0,0,KILKEEL,3.307911,0.247713,1197
20,40,0,0,0,0,0,1,0,0,0,0,0,0,KILKEEL,3.694378,0.320675,1197
24,48,0,0,0,0,0,0,0,0,0,0,0,0,KILKEEL,4.308175,0.435012,1197
8,16,0,0,0,1,1,0,0,0,0,0,0,0,PORT ERIN,1.357883,0.061117,1202
12.5,25,1,1,1,0,0,0,1,0,0,1,1,1,PORT ERIN,2.3588,0.166525,1202
17,34,0,0,0,0,0,0,0,1,0,0,0,0,PORT ERIN,3.236543,0.330284,1202
20,40,0,0,0,0,0,1,0,0,0,0,0,0,PORT ERIN,3.812497,0.470642,1202
24,48,0,0,0,0,0,0,0,0,0,0,0,0,PORT ERIN,4.657581,0.70252,1202
8,16,0,0,0,1,1,0,0,0,0,0,0,0,PEEL,1.076949,0.055326,1224
12.5,25,1,1,1,0,0,0,1,0,0,1,1,1,PEEL,1.815092,0.133039,1224
17,34,0,0,0,0,0,0,0,1,0,0,0,0,PEEL,2.843889,0.264568,1224
20,40,0,0,0,0,0,1,0,0,0,0,0,0,PEEL,3.572644,0.389258,1224
24,48,0,0,0,0,0,0,0,0,0,0,0,0,PEEL,4.61532,0.612795,1224
8,16,0,0,0,1,1,0,0,0,0,0,0,0,RAMSEY,1.08141,0.043561,1246
12.5,25,1,1,1,0,0,0,1,0,0,1,1,1,RAMSEY,1.927622,0.132206,1246
17,34,0,0,0,0,0,0,0,1,0,0,0,0,RAMSEY,2.88046,0.281852,1246
20,40,0,0,0,0,0,1,0,0,0,0,0,0,RAMSEY,3.504667,0.417653,1246
24,48,0,0,0,0,0,0,0,0,0,0,0,0,RAMSEY,4.595559,0.638345,1246
8,16,0,0,0,1,1,0,0,0,0,0,0,0,DOUGLAS,1.265829,0.053824,1248
12.5,25,1,1,1,0,0,0,1,0,0,1,1,1,DOUGLAS,2.06435,0.136168,1248
17,34,0,0,0,0,0,0,0,1,0,0,0,0,DOUGLAS,3.053095,0.272796,1248
20,40,0,0,0,0,0,1,0,0,0,0,0,0,DOUGLAS,3.715115,0.399668,1248
24,48,0,0,0,0,0,0,0,0,0,0,0,0,DOUGLAS,4.760331,0.623794,1248
8,16,0,0,0,1,1,0,0,0,0,0,0,0,PORT ST MARY,1.513284,0.062662,1260
12.5,25,1,1,1,0,0,0,1,0,0,1,1,1,PORT ST MARY,2.382966,0.170261,1260
17,34,0,0,0,0,0,0,0,1,0,0,0,0,PORT ST MARY,3.341688,0.336715,1260
20,40,0,0,0,0,0,1,0,0,0,0,0,0,PORT ST MARY,3.90626,0.481972,1260
24,48,0,0,0,0,0,0,0,0,0,0,0,0,PORT ST MARY,4.769607,0.717873,1260
8,16,0,0,0,1,1,0,0,0,0,0,0,0,WEST KIRBY,2.340751,0.047818,1301
12.5,25,1,1,1,0,0,0,1,0,0,1,1,1,WEST KIRBY,4.216129,0.098545,1301
17,34,0,0,0,0,0,0,0,1,0,0,0,0,WEST KIRBY,5.407342,0.168585,1301
20,40,0,0,0,0,0,1,0,0,0,0,0,0,WEST KIRBY,5.993092,0.226975,1301
24,48,0,0,0,0,0,0,0,0,0,0,0,0,WEST KIRBY,7.520759,0.312514,1301
8,16,0,0,0,1,1,0,0,0,0,0,0,0,HOYLAKE,2.189848,0.057222,1314
12.5,25,1,1,1,0,0,0,1,0,0,1,1,1,HOYLAKE,4.309054,0.109885,1314
17,34,0,0,0,0,0,0,0,1,0,0,0,0,HOYLAKE,5.539648,0.185871,1314
20,40,0,0,0,0,0,1,0,0,0,0,0,0,HOYLAKE,6.360126,0.246689,1314
24,48,0,0,0,0,0,0,0,0,0,0,0,0,HOYLAKE,8.542525,0.332578,1314
8,16,0,0,0,1,1,0,0,0,0,0,0,0,NEW BRIGHTON,1.959491,0.033178,1335
12.5,25,1,1,1,0,0,0,1,0,0,1,1,1,NEW BRIGHTON,3.20191,0.090195,1335
17,34,0,0,0,0,0,0,0,1,0,0,0,0,NEW BRIGHTON,5.475904,0.15974,1335
20,40,0,0,0,0,0,1,0,0,0,0,0,0,NEW BRIGHTON,7.488815,0.21528,1335
24,48,0,0,0,0,0,0,0,0,0,0,0,0,NEW BRIGHTON,9.102534,0.296428,1335
8,16,0,0,0,1,1,0,0,0,0,0,0,0,LYTHAM ST ANNES,3.153663,0.033988,1357
12.5,25,1,1,1,0,0,0,1,0,0,1,1,1,LYTHAM ST ANNES,3.919611,0.086204,1357
17,34,0,0,0,0,0,0,0,1,0,0,0,0,LYTHAM ST ANNES,5.005461,0.175151,1357
20,40,0,0,0,0,0,1,0,0,0,0,0,0,LYTHAM ST ANNES,6.315131,0.259033,1357
24,48,0,0,0,0,0,0,0,0,0,0,0,0,LYTHAM ST ANNES,8.75298,0.380639,1357
8,16,0,0,0,1,1,0,0,0,0,0,0,0,BLACKPOOL,1.212291,0.054142,1379
12.5,25,1,1,1,0,0,0,1,0,0,1,1,1,BLACKPOOL,4.412834,0.136667,1379
17,34,0,0,0,0,0,0,0,1,0,0,0,0,BLACKPOOL,7.005959,0.245726,1379
20,40,0,0,0,0,0,1,0,0,0,0,0,0,BLACKPOOL,8.18922,0.331442,1379
24,48,0,0,0,0,0,0,0,0,0,0,0,0,BLACKPOOL,10.097822,0.460158,1379
8,16,0,0,0,1,1,0,0,0,0,0,0,0,FLEETWOOD,2.656712,0.053335,1391
12.5,25,1,1,1,0,0,0,1,0,0,1,1,1,FLEETWOOD,4.081732,0.125399,1391
17,34,0,0,0,0,0,0,0,1,0,0,0,0,FLEETWOOD,7.09588,0.217205,1391
20,40,0,0,0,0,0,1,0,0,0,0,0,0,FLEETWOOD,8.948573,0.285145,1391
24,48,0,0,0,0,0,0,0,0,0,0,0,0,FLEETWOOD,10.641673,0.385241,1391
8,16,0,0,0,1,1,0,0,0,0,0,0,0,MORECAMBE,2.156003,0.045784,1400
12.5,25,1,1,1,0,0,0,1,0,0,1,1,1,MORECAMBE,4.624245,0.076669,1400
17,34,0,0,0,0,0,0,0,1,0,0,0,0,MORECAMBE,6.089071,0.118742,1400
20,40,0,0,0,0,0,1,0,0,0,0,0,0,MORECAMBE,6.599066,0.16331,1400
24,48,0,0,0,0,0,0,0,0,0,0,0,0,MORECAMBE,7.667852,0.239978,1400
8,16,0,0,0,1,1,0,0,0,0,0,0,0,BARROW,2.306435,0.074406,1422
12.5,25,1,1,1,0,0,0,1,0,0,1,1,1,BARROW,5.22694,0.169408,1422
17,34,0,0,0,0,0,0,0,1,0,0,0,0,BARROW,7.462874,0.261607,1422
20,40,0,0,0,0,0,1,0,0,0,0,0,0,BARROW,8.13146,0.336242,1422
24,48,0,0,0,0,0,0,0,0,0,0,0,0,BARROW,9.110616,0.458338,1422
8,16,0,0,0,1,1,0,0,0,0,0,0,0,ST BEES,1.142481,0.056072,1444
12.5,25,1,1,1,0,0,0,1,0,0,1,1,1,ST BEES,2.126891,0.140465,1444
17,34,0,0,0,0,0,0,0,1,0,0,0,0,ST BEES,2.935416,0.26175,1444
20,40,0,0,0,0,0,1,0,0,0,0,0,0,ST BEES,3.370121,0.365831,1444
24,48,0,0,0,0,0,0,0,0,0,0,0,0,ST BEES,4.521643,0.524818,1444
8,16,0,0,0,1,1,0,0,0,0,0,0,0,WORKINGTON,1.154806,0.054294,1466
12.5,25,1,1,1,0,0,0,1,0,0,1,1,1,WORKINGTON,1.767675,0.131678,1466
17,34,0,0,0,0,0,0,0,1,0,0,0,0,WORKINGTON,3.07314,0.22948,1466
20,40,0,0,0,0,0,1,0,0,0,0,0,0,WORKINGTON,4.562455,0.302828,1466
24,48,0,0,0,0,0,0,0,0,0,0,0,0,WORKINGTON,7.120215,0.403515,1466
8,16,0,0,0,1,1,0,0,0,0,0,0,0,SILLOTH,2.4776,0.050104,1488
12.5,25,1,1,1,0,0,0,1,0,0,1,1,1,SILLOTH,4.212214,0.082475,1488
17,34,0,0,0,0,0,0,0,1,0,0,0,0,SILLOTH,6.045258,0.117895,1488
20,40,0,0,0,0,0,1,0,0,0,0,0,0,SILLOTH,6.369268,0.143754,1488
24,48,0,0,0,0,0,0,0,0,0,0,0,0,SILLOTH,6.740191,0.183922,1488
8,16,0,0,0,1,1,0,0,0,0,0,0,0,KIPPFORD,1.428637,0.031575,2009
12.5,25,1,1,1,0,0,0,1,0,0,1,1,1,KIPPFORD,2.17755,0.089899,2009
17,34,0,0,0,0,0,0,0,1,0,0,0,0,KIPPFORD,3.669408,0.173883,2009
20,40,0,0,0,0,0,1,0,0,0,0,0,0,KIPPFORD,5.390387,0.228985,2009
24,48,0,0,0,0,0,0,0,0,0,0,0,0,KIPPFORD,6.965439,0.302483,2009
8,16,0,0,0,1,1,0,0,0,0,0,0,0,KIRKCUDBRIGHT,1.630064,0.04894,2027
12.5,25,1,1,1,0,0,0,1,0,0,1,1,1,KIRKCUDBRIGHT,2.861502,0.126609,2027
17,34,0,0,0,0,0,0,0,1,0,0,0,0,KIRKCUDBRIGHT,4.63931,0.226838,2027
20,40,0,0,0,0,0,1,0,0,0,0,0,0,KIRKCUDBRIGHT,5.463904,0.311437,2027
24,48,0,0,0,0,0,0,0,0,0,0,0,0,KIRKCUDBRIGHT,6.350636,0.432777,2027
8,16,0,0,0,1,1,0,0,0,0,0,0,0,PORTPATRICK,1.933619,0.03239,2045
12.5,25,1,1,1,0,0,0,1,0,0,1,1,1,PORTPATRICK,3.165055,0.094127,2045
17,34,0,0,0,0,0,0,0,1,0,0,0,0,PORTPATRICK,3.948787,0.195616,2045
20,40,0,0,0,0,0,1,0,0,0,0,0,0,PORTPATRICK,4.572844,0.286572,2045
24,48,0,0,0,0,0,0,0,0,0,0,0,0,PORTPATRICK,5.147116,0.429437,2045
8,16,0,0,0,1,1,0,0,0,0,0,0,0,PORTPATRICK,1.136488,0.053507,2045
12.5,25,1,1,1,0,0,0,1,0,0,1,1,1,PORTPATRICK,1.905507,0.132848,2045
17,34,0,0,0,0,0,0,0,1,0,0,0,0,PORTPATRICK,3.045066,0.261318,2045
20,40,0,0,0,0,0,1,0,0,0,0,0,0,PORTPATRICK,3.907908,0.380263,2045
24,48,0,0,0,0,0,0,0,0,0,0,0,0,PORTPATRICK,5.087877,0.553088,2045
8,16,0,0,0,1,1,0,0,0,0,0,0,0,STRANRAER,0.53869,0.006837,2052
12.5,25,1,1,1,0,0,0,1,0,0,1,1,1,STRANRAER,1.127514,0.027231,2052
17,34,0,0,0,0,0,0,0,1,0,0,0,0,STRANRAER,1.75517,0.081176,2052
20,40,0,0,0,0,0,1,0,0,0,0,0,0,STRANRAER,2.21203,0.139595,2052
24,48,0,0,0,0,0,0,0,0,0,0,0,0,STRANRAER,2.916034,0.24715,2052
8,16,0,0,0,1,1,0,0,0,0,0,0,0,GIRVAN,0.934592,0.044119,2063
12.5,25,1,1,1,0,0,0,1,0,0,1,1,1,GIRVAN,1.550465,0.110349,2063
17,34,0,0,0,0,0,0,0,1,0,0,0,0,GIRVAN,2.389405,0.208102,2063
20,40,0,0,0,0,0,1,0,0,0,0,0,0,GIRVAN,3.271975,0.280391,2063
24,48,0,0,0,0,0,0,0,0,0,0,0,0,GIRVAN,4.248261,0.388473,2063
8,16,0,0,0,1,1,0,0,0,0,0,0,0,CAMPBELTOWN,0.923528,0.028669,2081
12.5,25,1,1,1,0,0,0,1,0,0,1,1,1,CAMPBELTOWN,1.89059,0.083045,2081
17,34,0,0,0,0,0,0,0,1,0,0,0,0,CAMPBELTOWN,2.725005,0.157478,2081
20,40,0,0,0,0,0,1,0,0,0,0,0,0,CAMPBELTOWN,3.517157,0.232117,2081
24,48,0,0,0,0,0,0,0,0,0,0,0,0,CAMPBELTOWN,4.817757,0.378028,2081
8,16,0,0,0,1,1,0,0,0,0,0,0,0,ARRAN (LAMLASH),1.207074,0.043668,2093
12.5,25,1,1,1,0,0,0,1,0,0,1,1,1,ARRAN (LAMLASH),2.108009,0.128446,2093
17,34,0,0,0,0,0,0,0,1,0,0,0,0,ARRAN (LAMLASH),4.264431,0.239904,2093
20,40,0,0,0,0,0,1,0,0,0,0,0,0,ARRAN (LAMLASH),5.551689,0.316728,2093
24,48,0,0,0,0,0,0,0,0,0,0,0,0,ARRAN (LAMLASH),7.33227,0.403646,2093
8,16,0,0,0,1,1,0,0,0,0,0,0,0,TROON,1.372609,0.047472,2108
12.5,25,1,1,1,0,0,0,1,0,0,1,1,1,TROON,1.809096,0.096899,2108
17,34,0,0,0,0,0,0,0,1,0,0,0,0,TROON,3.128948,0.156371,2108
20,40,0,0,0,0,0,1,0,0,0,0,0,0,TROON,3.801154,0.195621,2108
24,48,0,0,0,0,0,0,0,0,0,0,0,0,TROON,5.019848,0.259752,2108
8,16,0,0,0,1,1,0,0,0,0,0,0,0,ISLAY,1.375114,0.021334,2126
12.5,25,1,1,1,0,0,0,1,0,0,1,1,1,ISLAY,3.846536,0.088057,2126
17,34,0,0,0,0,0,0,0,1,0,0,0,0,ISLAY,6.863832,0.204501,2126
20,40,0,0,0,0,0,1,0,0,0,0,0,0,ISLAY,9.242259,0.310876,2126
24,48,0,0,0,0,0,0,0,0,0,0,0,0,ISLAY,11.858888,0.470727,2126
8,16,0,0,0,1,1,0,0,0,0,0,0,0,LARGS,1.62647,0.031424,2144
12.5,25,1,1,1,0,0,0,1,0,0,1,1,1,LARGS,3.072831,0.077804,2144
17,34,0,0,0,0,0,0,0,1,0,0,0,0,LARGS,5.931123,0.144428,2144
20,40,0,0,0,0,0,1,0,0,0,0,0,0,LARGS,7.295277,0.184097,2144
24,48,0,0,0,0,0,0,0,0,0,0,0,0,LARGS,9.071213,0.230789,2144
8,16,0,0,0,1,1,0,0,0,0,0,0,0,HELENSBURGH,1.676762,0.01772,2162
12.5,25,1,1,1,0,0,0,1,0,0,1,1,1,HELENSBURGH,2.717542,0.027087,2162
17,34,0,0,0,0,0,0,0,1,0,0,0,0,HELENSBURGH,4.258535,0.042991,2162
20,40,0,0,0,0,0,1,0,0,0,0,0,0,HELENSBURGH,5.440273,0.050932,2162
24,48,0,0,0,0,0,0,0,0,0,0,0,0,HELENSBURGH,6.654253,0.073698,2162
8,16,0,0,0,1,1,0,0,0,0,0,0,0,TIGHNABRUAICH,1.542829,0.015793,2180
12.5,25,1,1,1,0,0,0,1,0,0,1,1,1,TIGHNABRUAICH,3.135725,0.052634,2180
17,34,0,0,0,0,0,0,0,1,0,0,0,0,TIGHNABRUAICH,4.825818,0.099324,2180
20,40,0,0,0,0,0,1,0,0,0,0,0,0,TIGHNABRUAICH,6.077963,0.130902,2180
24,48,0,0,0,0,0,0,0,0,0,0,0,0,TIGHNABRUAICH,7.995633,0.173706,2180
8,16,0,0,0,1,1,0,0,0,0,0,0,0,OBAN,3.249994,0.034913,2194
12.5,25,1,1,1,0,0,0,1,0,0,1,1,1,OBAN,6.687612,0.071475,2194
17,34,0,0,0,0,0,0,0,1,0,0,0,0,OBAN,9.956756,0.114057,2194
20,40,0,0,0,0,0,1,0,0,0,0,0,0,OBAN,11.755799,0.149504,2194
8,16,0,0,0,1,1,0,0,0,0,0,0,0,OBAN,3.249994,0.034913,2194
12.5,25,1,1,1,0,0,0,1,0,0,1,1,1,OBAN,6.687612,0.071475,2194
17,34,0,0,0,0,0,0,0,1,0,0,0,0,OBAN,9.956756,0.114057,2194
20,40,0,0,0,0,0,1,0,0,0,0,0,0,OBAN,11.755799,0.149504,2194
24,48,0,0,0,0,0,0,0,0,0,0,0,0,OBAN,13.868076,0.196382,2194
8,16,0,0,0,1,1,0,0,0,0,0,0,0,TOBERMORY,2.376429,0.024037,2200
12.5,25,1,1,1,0,0,0,1,0,0,1,1,1,TOBERMORY,4.207055,0.057751,2200
17,34,0,0,0,0,0,0,0,1,0,0,0,0,TOBERMORY,6.867569,0.130066,2200
20,40,0,0,0,0,0,1,0,0,0,0,0,0,TOBERMORY,9.369536,0.208274,2200
24,48,0,0,0,0,0,0,0,0,0,0,0,0,TOBERMORY,15.162329,0.364141,2200
8,16,0,0,0,1,1,0,0,0,0,0,0,0,MALLAIG,2.663992,0.044544,2201
12.5,25,1,1,1,0,0,0,1,0,0,1,1,1,MALLAIG,4.907723,0.105402,2201
17,34,0,0,0,0,0,0,0,1,0,0,0,0,MALLAIG,9.167165,0.176572,2201
20,40,0,0,0,0,0,1,0,0,0,0,0,0,MALLAIG,11.487083,0.216646,2201
24,48,0,0,0,0,0,0,0,0,0,0,0,0,MALLAIG,14.181901,0.29984,2201
8,16,0,0,0,1,1,0,0,0,0,0,0,0,BARRA ISLAND,3.893309,0.07449,2223
12.5,25,1,1,1,0,0,0,1,0,0,1,1,1,BARRA ISLAND,5.710793,0.210114,2223
17,34,0,0,0,0,0,0,0,1,0,0,0,0,BARRA ISLAND,6.823092,0.40085,2223
20,40,0,0,0,0,0,1,0,0,0,0,0,0,BARRA ISLAND,8.270728,0.564226,2223
24,48,0,0,0,0,0,0,0,0,0,0,0,0,BARRA ISLAND,9.783251,0.827154,2223
8,16,0,0,0,1,1,0,0,0,0,0,0,0,KYLE OF LOCHALSH,3.543204,0.03399,2229
12.5,25,1,1,1,0,0,0,1,0,0,1,1,1,KYLE OF LOCHALSH,6.146411,0.06784,2229
17,34,0,0,0,0,0,0,0,1,0,0,0,0,KYLE OF LOCHALSH,8.128824,0.095069,2229
20,40,0,0,0,0,0,1,0,0,0,0,0,0,KYLE OF LOCHALSH,10.093313,0.123955,2229
24,48,0,0,0,0,0,0,0,0,0,0,0,0,KYLE OF LOCHALSH,11.968865,0.175847,2229
8,16,0,0,0,1,1,0,0,0,0,0,0,0,PORTREE,1.359989,0.01734,2234
12.5,25,1,1,1,0,0,0,1,0,0,1,1,1,PORTREE,3.522444,0.05431,2234
17,34,0,0,0,0,0,0,0,1,0,0,0,0,PORTREE,5.030677,0.113651,2234
20,40,0,0,0,0,0,1,0,0,0,0,0,0,PORTREE,6.392894,0.150222,2234
24,48,0,0,0,0,0,0,0,0,0,0,0,0,PORTREE,9.00916,0.206187,2234
8,16,0,0,0,1,1,0,0,0,0,0,0,0,LEVERBURGH,4.736446,0.062795,2240
12.5,25,1,1,1,0,0,0,1,0,0,1,1,1,LEVERBURGH,9.980417,0.172849,2240
17,34,0,0,0,0,0,0,0,1,0,0,0,0,LEVERBURGH,14.540707,0.325648,2240
20,40,0,0,0,0,0,1,0,0,0,0,0,0,LEVERBURGH,19.772974,0.451017,2240
24,48,0,0,0,0,0,0,0,0,0,0,0,0,LEVERBURGH,27.702397,0.64468,2240
8,16,0,0,0,1,1,0,0,0,0,0,0,0,STORNOWAY,2.775974,0.029954,2255
12.5,25,1,1,1,0,0,0,1,0,0,1,1,1,STORNOWAY,4.371574,0.084995,2255
17,34,0,0,0,0,0,0,0,1,0,0,0,0,STORNOWAY,5.692865,0.177888,2255
20,40,0,0,0,0,0,1,0,0,0,0,0,0,STORNOWAY,6.682988,0.260611,2255
24,48,0,0,0,0,0,0,0,0,0,0,0,0,STORNOWAY,7.929379,0.406525,2255
8,16,0,0,0,1,1,0,0,0,0,0,0,0,LOCHINVER,1.724429,0.027138,2263
12.5,25,1,1,1,0,0,0,1,0,0,1,1,1,LOCHINVER,3.238396,0.081443,2263
17,34,0,0,0,0,0,0,0,1,0,0,0,0,LOCHINVER,5.510904,0.193291,2263
20,40,0,0,0,0,0,1,0,0,0,0,0,0,LOCHINVER,7.687164,0.284748,2263
24,48,0,0,0,0,0,0,0,0,0,0,0,0,LOCHINVER,10.601154,0.416895,2263
8,16,0,0,0,1,1,0,0,0,0,0,0,0,THURSO,1.363314,0.047895,2281
12.5,25,1,1,1,0,0,0,1,0,0,1,1,1,THURSO,2.140674,0.124075,2281
17,34,0,0,0,0,0,0,0,1,0,0,0,0,THURSO,3.745248,0.220179,2281
20,40,0,0,0,0,0,1,0,0,0,0,0,0,THURSO,5.316527,0.301699,2281
24,48,0,0,0,0,0,0,0,0,0,0,0,0,THURSO,8.092665,0.453105,2281
8,16,0,0,0,1,1,0,0,0,0,0,0,0,LONGHOPE,3.077102,0.070418,2318
12.5,25,1,1,1,0,0,0,1,0,0,1,1,1,LONGHOPE,5.932953,0.156857,2318
17,34,0,0,0,0,0,0,0,1,0,0,0,0,LONGHOPE,7.507212,0.290457,2318
20,40,0,0,0,0,0,1,0,0,0,0,0,0,LONGHOPE,8.796817,0.403666,2318
24,48,0,0,0,0,0,0,0,0,0,0,0,0,LONGHOPE,10.514502,0.603909,2318
8,16,0,0,0,1,1,0,0,0,0,0,0,0,STROMNESS,1.997721,0.040596,2336
12.5,25,1,1,1,0,0,0,1,0,0,1,1,1,STROMNESS,4.190826,0.127501,2336
17,34,0,0,0,0,0,0,0,1,0,0,0,0,STROMNESS,6.517272,0.270726,2336
20,40,0,0,0,0,0,1,0,0,0,0,0,0,STROMNESS,8.024771,0.412326,2336
24,48,0,0,0,0,0,0,0,0,0,0,0,0,STROMNESS,10.527446,0.635753,2336
8,16,0,0,0,1,1,0,0,0,0,0,0,0,AITH,2.966014,0.0166,2354
12.5,25,1,1,1,0,0,0,1,0,0,1,1,1,AITH,5.13475,0.048228,2354
17,34,0,0,0,0,0,0,0,1,0,0,0,0,AITH,7.613116,0.113481,2354
20,40,0,0,0,0,0,1,0,0,0,0,0,0,AITH,9.998042,0.190742,2354
24,48,0,0,0,0,0,0,0,0,0,0,0,0,AITH,14.274364,0.35451,2354
8,16,0,0,0,1,1,0,0,0,0,0,0,0,LERWICK,3.289245,0.051785,2372
12.5,25,1,1,1,0,0,0,1,0,0,1,1,1,LERWICK,4.812901,0.132835,2372
17,34,0,0,0,0,0,0,0,1,0,0,0,0,LERWICK,6.691304,0.248617,2372
20,40,0,0,0,0,0,1,0,0,0,0,0,0,LERWICK,8.68402,0.355855,2372
24,48,0,0,0,0,0,0,0,0,0,0,0,0,LERWICK,10.958963,0.540803,2372
8,16,0,0,0,1,1,0,0,0,0,0,0,0,KIRKWALL,2.276099,0.030812,2390
12.5,25,1,1,1,0,0,0,1,0,0,1,1,1,KIRKWALL,4.345931,0.081657,2390
17,34,0,0,0,0,0,0,0,1,0,0,0,0,KIRKWALL,7.752311,0.189148,2390
20,40,0,0,0,0,0,1,0,0,0,0,0,0,KIRKWALL,9.867225,0.305816,2390
24,48,0,0,0,0,0,0,0,0,0,0,0,0,KIRKWALL,13.169216,0.51528,2390
8,16,0,0,0,1,1,0,0,0,0,0,0,0,WICK,1.619457,0.060627,2401
12.5,25,1,1,1,0,0,0,1,0,0,1,1,1,WICK,2.4267,0.148834,2401
17,34,0,0,0,0,0,0,0,1,0,0,0,0,WICK,3.543142,0.286939,2401
20,40,0,0,0,0,0,1,0,0,0,0,0,0,WICK,4.403604,0.409146,2401
24,48,0,0,0,0,0,0,0,0,0,0,0,0,WICK,5.961543,0.605883,2401
8,16,0,0,0,1,1,0,0,0,0,0,0,0,INVERGORDON,1.531812,0.017629,2415
12.5,25,1,1,1,0,0,0,1,0,0,1,1,1,INVERGORDON,2.596073,0.050508,2415
17,34,0,0,0,0,0,0,0,1,0,0,0,0,INVERGORDON,3.635075,0.084243,2415
20,40,0,0,0,0,0,1,0,0,0,0,0,0,INVERGORDON,4.778591,0.1117,2415
24,48,0,0,0,0,0,0,0,0,0,0,0,0,INVERGORDON,5.919185,0.169179,2415
8,16,0,0,0,1,1,0,0,0,0,0,0,0,KESSOCK,1.496362,0.014073,2419
12.5,25,1,1,1,0,0,0,1,0,0,1,1,1,KESSOCK,2.009852,0.022749,2419
17,34,0,0,0,0,0,0,0,1,0,0,0,0,KESSOCK,2.811133,0.044478,2419
20,40,0,0,0,0,0,1,0,0,0,0,0,0,KESSOCK,3.526602,0.062608,2419
24,48,0,0,0,0,0,0,0,0,0,0,0,0,KESSOCK,4.413654,0.088039,2419
8,16,0,0,0,1,1,0,0,0,0,0,0,0,BUCKIE,1.272587,0.049705,2423
12.5,25,1,1,1,0,0,0,1,0,0,1,1,1,BUCKIE,2.046149,0.119918,2423
17,34,0,0,0,0,0,0,0,1,0,0,0,0,BUCKIE,2.804286,0.224598,2423
20,40,0,0,0,0,0,1,0,0,0,0,0,0,BUCKIE,3.303736,0.315912,2423
24,48,0,0,0,0,0,0,0,0,0,0,0,0,BUCKIE,4.096096,0.462655,2423
8,16,0,0,0,1,1,0,0,0,0,0,0,0,MACDUFF,1.303603,0.04923,2434
12.5,25,1,1,1,0,0,0,1,0,0,1,1,1,MACDUFF,2.02558,0.119744,2434
17,34,0,0,0,0,0,0,0,1,0,0,0,0,MACDUFF,2.745449,0.223197,2434
20,40,0,0,0,0,0,1,0,0,0,0,0,0,MACDUFF,3.315232,0.314474,2434
24,48,0,0,0,0,0,0,0,0,0,0,0,0,MACDUFF,3.947624,0.462357,2434
8,16,0,0,0,1,1,0,0,0,0,0,0,0,FRASERBURGH,1.344436,0.062859,2445
12.5,25,1,1,1,0,0,0,1,0,0,1,1,1,FRASERBURGH,2.157663,0.160253,2445
17,34,0,0,0,0,0,0,0,1,0,0,0,0,FRASERBURGH,3.214221,0.306579,2445
20,40,0,0,0,0,0,1,0,0,0,0,0,0,FRASERBURGH,3.932607,0.432255,2445
24,48,0,0,0,0,0,0,0,0,0,0,0,0,FRASERBURGH,4.839925,0.636982,2445
8,16,0,0,0,1,1,0,0,0,0,0,0,0,PETERHEAD,1.613792,0.062163,2467
12.5,25,1,1,1,0,0,0,1,0,0,1,1,1,PETERHEAD,2.462702,0.158131,2467
17,34,0,0,0,0,0,0,0,1,0,0,0,0,PETERHEAD,3.61114,0.304458,2467
20,40,0,0,0,0,0,1,0,0,0,0,0,0,PETERHEAD,4.240198,0.43083,2467
24,48,0,0,0,0,0,0,0,0,0,0,0,0,PETERHEAD,5.122894,0.636834,2467
8,16,0,0,0,1,1,0,0,0,0,0,0,0,ABERDEEN,1.363575,0.049589,2489
12.5,25,1,1,1,0,0,0,1,0,0,1,1,1,ABERDEEN,2.153963,0.124239,2489
17,34,0,0,0,0,0,0,0,1,0,0,0,0,ABERDEEN,3.047743,0.226643,2489
20,40,0,0,0,0,0,1,0,0,0,0,0,0,ABERDEEN,3.54884,0.311016,2489
24,48,0,0,0,0,0,0,0,0,0,0,0,0,ABERDEEN,4.323588,0.447352,2489
8,16,0,0,0,1,1,0,0,0,0,0,0,0,STONEHAVEN,1.239858,0.044883,2502
12.5,25,1,1,1,0,0,0,1,0,0,1,1,1,STONEHAVEN,1.979043,0.116088,2502
17,34,0,0,0,0,0,0,0,1,0,0,0,0,STONEHAVEN,3.001927,0.228576,2502
20,40,0,0,0,0,0,1,0,0,0,0,0,0,STONEHAVEN,3.53198,0.322104,2502
24,48,0,0,0,0,0,0,0,0,0,0,0,0,STONEHAVEN,4.382302,0.468927,2502
8,16,0,0,0,1,1,0,0,0,0,0,0,0,MONTROSE,1.47052,0.04571,2524
12.5,25,1,1,1,0,0,0,1,0,0,1,1,1,MONTROSE,2.149186,0.111769,2524
17,34,0,0,0,0,0,0,0,1,0,0,0,0,MONTROSE,2.865021,0.213817,2524
20,40,0,0,0,0,0,1,0,0,0,0,0,0,MONTROSE,3.407788,0.303505,2524
24,48,0,0,0,0,0,0,0,0,0,0,0,0,MONTROSE,4.208305,0.449458,2524
8,16,0,0,0,1,1,0,0,0,0,0,0,0,ARBROATH,1.223938,0.053233,2546
12.5,25,1,1,1,0,0,0,1,0,0,1,1,1,ARBROATH,2.209537,0.136422,2546
17,34,0,0,0,0,0,0,0,1,0,0,0,0,ARBROATH,3.562682,0.240363,2546
20,40,0,0,0,0,0,1,0,0,0,0,0,0,ARBROATH,4.205631,0.318795,2546
24,48,0,0,0,0,0,0,0,0,0,0,0,0,ARBROATH,5.168591,0.445694,2546
8,16,0,0,0,1,1,0,0,0,0,0,0,0,BROUGHTY FERRY,1.367577,0.027857,2568
12.5,25,1,1,1,0,0,0,1,0,0,1,1,1,BROUGHTY FERRY,2.27369,0.065991,2568
17,34,0,0,0,0,0,0,0,1,0,0,0,0,BROUGHTY FERRY,3.196436,0.115592,2568
20,40,0,0,0,0,0,1,0,0,0,0,0,0,BROUGHTY FERRY,4.193426,0.166729,2568
24,48,0,0,0,0,0,0,0,0,0,0,0,0,BROUGHTY FERRY,5.278928,0.261057,2568
8,16,0,0,0,1,1,0,0,0,0,0,0,0,ANSTRUTHER,1.483165,0.060888,2580
12.5,25,1,1,1,0,0,0,1,0,0,1,1,1,ANSTRUTHER,2.554126,0.15712,2580
17,34,0,0,0,0,0,0,0,1,0,0,0,0,ANSTRUTHER,3.795928,0.282467,2580
20,40,0,0,0,0,0,1,0,0,0,0,0,0,ANSTRUTHER,4.634934,0.370988,2580
24,48,0,0,0,0,0,0,0,0,0,0,0,0,ANSTRUTHER,5.803131,0.484447,2580
8,16,0,0,0,1,1,0,0,0,0,0,0,0,KINGHORN,1.495595,0.052151,2611
12.5,25,1,1,1,0,0,0,1,0,0,1,1,1,KINGHORN,2.383242,0.085572,2611
17,34,0,0,0,0,0,0,0,1,0,0,0,0,KINGHORN,3.163465,0.10925,2611
20,40,0,0,0,0,0,1,0,0,0,0,0,0,KINGHORN,3.854972,0.128116,2611
24,48,0,0,0,0,0,0,0,0,0,0,0,0,KINGHORN,4.974649,0.161278,2611
8,16,0,0,0,1,1,0,0,0,0,0,0,0,QUEENSFERRY,1.544761,0.021288,2633
12.5,25,1,1,1,0,0,0,1,0,0,1,1,1,QUEENSFERRY,2.536106,0.04505,2633
17,34,0,0,0,0,0,0,0,1,0,0,0,0,QUEENSFERRY,3.426615,0.073229,2633
20,40,0,0,0,0,0,1,0,0,0,0,0,0,QUEENSFERRY,4.081182,0.089801,2633
24,48,0,0,0,0,0,0,0,0,0,0,0,0,QUEENSFERRY,4.817657,0.10758,2633
8,16,0,0,0,1,1,0,0,0,0,0,0,0,NORTH BERWICK,1.589112,0.061862,2655
12.5,25,1,1,1,0,0,0,1,0,0,1,1,1,NORTH BERWICK,2.549449,0.141898,2655
17,34,0,0,0,0,0,0,0,1,0,0,0,0,NORTH BERWICK,3.558664,0.223151,2655
20,40,0,0,0,0,0,1,0,0,0,0,0,0,NORTH BERWICK,4.28812,0.285475,2655
24,48,0,0,0,0,0,0,0,0,0,0,0,0,NORTH BERWICK,5.300086,0.386294,2655
8,16,0,0,0,1,1,0,0,0,0,0,0,0,DUNBAR,1.370054,0.051854,2677
12.5,25,1,1,1,0,0,0,1,0,0,1,1,1,DUNBAR,2.157651,0.127117,2677
17,34,0,0,0,0,0,0,0,1,0,0,0,0,DUNBAR,3.223843,0.234797,2677
20,40,0,0,0,0,0,1,0,0,0,0,0,0,DUNBAR,3.918053,0.323358,2677
24,48,0,0,0,0,0,0,0,0,0,0,0,0,DUNBAR,4.891082,0.455482,2677
8,16,0,0,0,1,1,0,0,0,0,0,0,0,ST ABBS,1.28785,0.058427,2699
12.5,25,1,1,1,0,0,0,1,0,0,1,1,1,ST ABBS,2.210204,0.144859,2699
17,34,0,0,0,0,0,0,0,1,0,0,0,0,ST ABBS,3.126404,0.266007,2699
20,40,0,0,0,0,0,1,0,0,0,0,0,0,ST ABBS,3.821018,0.365908,2699
24,48,0,0,0,0,0,0,0,0,0,0,0,0,ST ABBS,4.71799,0.521513,2699
8,16,0,0,0,1,1,0,0,0,0,0,0,0,EYEMOUTH,1.314918,0.056551,2702
12.5,25,1,1,1,0,0,0,1,0,0,1,1,1,EYEMOUTH,2.275164,0.142531,2702
17,34,0,0,0,0,0,0,0,1,0,0,0,0,EYEMOUTH,3.17348,0.261614,2702
20,40,0,0,0,0,0,1,0,0,0,0,0,0,EYEMOUTH,3.834912,0.360863,2702
24,48,0,0,0,0,0,0,0,0,0,0,0,0,EYEMOUTH,4.596198,0.513117,2702
8,16,0,0,0,1,1,0,0,0,0,0,0,0,BERWICK-UPON-TWEED,1.432983,0.043228,3029
12.5,25,1,1,1,0,0,0,1,0,0,1,1,1,BERWICK-UPON-TWEED,2.300561,0.108797,3029
17,34,0,0,0,0,0,0,0,1,0,0,0,0,BERWICK-UPON-TWEED,3.127314,0.207512,3029
20,40,0,0,0,0,0,1,0,0,0,0,0,0,BERWICK-UPON-TWEED,3.611226,0.295262,3029
24,48,0,0,0,0,0,0,0,0,0,0,0,0,BERWICK-UPON-TWEED,4.237921,0.437847,3029
8,16,0,0,0,1,1,0,0,0,0,0,0,0,SEAHOUSES,1.53668,0.058986,3047
12.5,25,1,1,1,0,0,0,1,0,0,1,1,1,SEAHOUSES,2.351702,0.144787,3047
17,34,0,0,0,0,0,0,0,1,0,0,0,0,SEAHOUSES,3.319242,0.268638,3047
20,40,0,0,0,0,0,1,0,0,0,0,0,0,SEAHOUSES,4.009975,0.370337,3047
24,48,0,0,0,0,0,0,0,0,0,0,0,0,SEAHOUSES,4.593157,0.528566,3047
8,16,0,0,0,1,1,0,0,0,0,0,0,0,CRASTER,1.262682,0.053864,3065
12.5,25,1,1,1,0,0,0,1,0,0,1,1,1,CRASTER,2.283418,0.133965,3065
17,34,0,0,0,0,0,0,0,1,0,0,0,0,CRASTER,3.163613,0.252257,3065
20,40,0,0,0,0,0,1,0,0,0,0,0,0,CRASTER,3.66548,0.351467,3065
24,48,0,0,0,0,0,0,0,0,0,0,0,0,CRASTER,4.501583,0.508828,3065
8,16,0,0,0,1,1,0,0,0,0,0,0,0,AMBLE,1.234073,0.046568,3083
12.5,25,1,1,1,0,0,0,1,0,0,1,1,1,AMBLE,1.870091,0.114175,3083
17,34,0,0,0,0,0,0,0,1,0,0,0,0,AMBLE,2.749283,0.214049,3083
20,40,0,0,0,0,0,1,0,0,0,0,0,0,AMBLE,3.331845,0.299933,3083
24,48,0,0,0,0,0,0,0,0,0,0,0,0,AMBLE,4.498048,0.439664,3083
8,16,0,0,0,1,1,0,0,0,0,0,0,0,NEWBIGGIN,1.274485,0.052201,3101
12.5,25,1,1,1,0,0,0,1,0,0,1,1,1,NEWBIGGIN,2.167315,0.122206,3101
17,34,0,0,0,0,0,0,0,1,0,0,0,0,NEWBIGGIN,3.182778,0.219114,3101
20,40,0,0,0,0,0,1,0,0,0,0,0,0,NEWBIGGIN,3.984655,0.301002,3101
24,48,0,0,0,0,0,0,0,0,0,0,0,0,NEWBIGGIN,5.11831,0.431683,3101
8,16,0,0,0,1,1,0,0,0,0,0,0,0,BLYTH,1.369557,0.046833,3120
12.5,25,1,1,1,0,0,0,1,0,0,1,1,1,BLYTH,2.231734,0.112997,3120
17,34,0,0,0,0,0,0,0,1,0,0,0,0,BLYTH,3.653964,0.211229,3120
20,40,0,0,0,0,0,1,0,0,0,0,0,0,BLYTH,4.499152,0.291793,3120
24,48,0,0,0,0,0,0,0,0,0,0,0,0,BLYTH,5.214345,0.419686,3120
8,16,0,0,0,1,1,0,0,0,0,0,0,0,CULLERCOATS,1.803055,0.049724,3148
12.5,25,1,1,1,0,0,0,1,0,0,1,1,1,CULLERCOATS,3.06587,0.120655,3148
17,34,0,0,0,0,0,0,0,1,0,0,0,0,CULLERCOATS,4.093091,0.222566,3148
20,40,0,0,0,0,0,1,0,0,0,0,0,0,CULLERCOATS,4.590136,0.30569,3148
24,48,0,0,0,0,0,0,0,0,0,0,0,0,CULLERCOATS,5.324077,0.435031,3148
8,16,0,0,0,1,1,0,0,0,0,0,0,0,TYNEMOUTH,1.80755,0.043383,3156
12.5,25,1,1,1,0,0,0,1,0,0,1,1,1,TYNEMOUTH,3.283979,0.112271,3156
17,34,0,0,0,0,0,0,0,1,0,0,0,0,TYNEMOUTH,4.08181,0.210859,3156
20,40,0,0,0,0,0,1,0,0,0,0,0,0,TYNEMOUTH,4.390024,0.291579,3156
24,48,0,0,0,0,0,0,0,0,0,0,0,0,TYNEMOUTH,5.182977,0.418583,3156
8,16,0,0,0,1,1,0,0,0,0,0,0,0,SUNDERLAND,1.70267,0.047901,3167
12.5,25,1,1,1,0,0,0,1,0,0,1,1,1,SUNDERLAND,2.625898,0.119169,3167
17,34,0,0,0,0,0,0,0,1,0,0,0,0,SUNDERLAND,3.822578,0.218562,3167
20,40,0,0,0,0,0,1,0,0,0,0,0,0,SUNDERLAND,4.736262,0.299755,3167
24,48,0,0,0,0,0,0,0,0,0,0,0,0,SUNDERLAND,5.713897,0.423369,3167
8,16,0,0,0,1,1,0,0,0,0,0,0,0,HARTLEPOOL,1.730703,0.051176,3210
12.5,25,1,1,1,0,0,0,1,0,0,1,1,1,HARTLEPOOL,2.621334,0.112502,3210
17,34,0,0,0,0,0,0,0,1,0,0,0,0,HARTLEPOOL,3.671373,0.193784,3210
20,40,0,0,0,0,0,1,0,0,0,0,0,0,HARTLEPOOL,4.355748,0.260116,3210
24,48,0,0,0,0,0,0,0,0,0,0,0,0,HARTLEPOOL,5.332126,0.367008,3210
8,16,0,0,0,1,1,0,0,0,0,0,0,0,REDCAR,1.713511,0.047365,3231
12.5,25,1,1,1,0,0,0,1,0,0,1,1,1,REDCAR,2.68065,0.108231,3231
17,34,0,0,0,0,0,0,0,1,0,0,0,0,REDCAR,3.533647,0.193974,3231
20,40,0,0,0,0,0,1,0,0,0,0,0,0,REDCAR,4.131869,0.26405,3231
24,48,0,0,0,0,0,0,0,0,0,0,0,0,REDCAR,4.878682,0.375047,3231
8,16,0,0,0,1,1,0,0,0,0,0,0,0,STAITHES AND RUNSWICK,1.166088,0.054456,3249
12.5,25,1,1,1,0,0,0,1,0,0,1,1,1,STAITHES AND RUNSWICK,1.855922,0.130508,3249
17,34,0,0,0,0,0,0,0,1,0,0,0,0,STAITHES AND RUNSWICK,3.110555,0.241833,3249
20,40,0,0,0,0,0,1,0,0,0,0,0,0,STAITHES AND RUNSWICK,3.734973,0.332317,3249
24,48,0,0,0,0,0,0,0,0,0,0,0,0,STAITHES AND RUNSWICK,4.615809,0.475639,3249
8,16,0,0,0,1,1,0,0,0,0,0,0,0,WHITBY,1.230631,0.053441,3276
12.5,25,1,1,1,0,0,0,1,0,0,1,1,1,WHITBY,1.877346,0.132836,3276
17,34,0,0,0,0,0,0,0,1,0,0,0,0,WHITBY,2.541133,0.251563,3276
20,40,0,0,0,0,0,1,0,0,0,0,0,0,WHITBY,2.945812,0.34991,3276
24,48,0,0,0,0,0,0,0,0,0,0,0,0,WHITBY,4.125824,0.505084,3276
8,16,0,0,0,1,1,0,0,0,0,0,0,0,SCARBOROUGH,0.947492,0.041821,3298
12.5,25,1,1,1,0,0,0,1,0,0,1,1,1,SCARBOROUGH,1.475331,0.103955,3298
17,34,0,0,0,0,0,0,0,1,0,0,0,0,SCARBOROUGH,2.280795,0.194362,3298
20,40,0,0,0,0,0,1,0,0,0,0,0,0,SCARBOROUGH,2.844387,0.281345,3298
24,48,0,0,0,0,0,0,0,0,0,0,0,0,SCARBOROUGH,3.474077,0.426899,3298
8,16,0,0,0,1,1,0,0,0,0,0,0,0,FILEY,1.006309,0.046703,3319
12.5,25,1,1,1,0,0,0,1,0,0,1,1,1,FILEY,1.692266,0.113048,3319
17,34,0,0,0,0,0,0,0,1,0,0,0,0,FILEY,2.375657,0.222548,3319
20,40,0,0,0,0,0,1,0,0,0,0,0,0,FILEY,2.770134,0.314003,3319
24,48,0,0,0,0,0,0,0,0,0,0,0,0,FILEY,3.437231,0.460439,3319
8,16,0,0,0,1,1,0,0,0,0,0,0,0,FLAMBOROUGH,1.246679,0.062528,3337
12.5,25,1,1,1,0,0,0,1,0,0,1,1,1,FLAMBOROUGH,1.843046,0.149253,3337
17,34,0,0,0,0,0,0,0,1,0,0,0,0,FLAMBOROUGH,2.426634,0.268258,3337
20,40,0,0,0,0,0,1,0,0,0,0,0,0,FLAMBOROUGH,2.776665,0.363397,3337
24,48,0,0,0,0,0,0,0,0,0,0,0,0,FLAMBOROUGH,3.230576,0.509003,3337
8,16,0,0,0,1,1,0,0,0,0,0,0,0,BRIDLINGTON,0.95609,0.040211,3355
12.5,25,1,1,1,0,0,0,1,0,0,1,1,1,BRIDLINGTON,1.562383,0.109331,3355
17,34,0,0,0,0,0,0,0,1,0,0,0,0,BRIDLINGTON,2.148489,0.21031,3355
20,40,0,0,0,0,0,1,0,0,0,0,0,0,BRIDLINGTON,2.5217,0.295319,3355
24,48,0,0,0,0,0,0,0,0,0,0,0,0,BRIDLINGTON,2.983001,0.4276,3355
8,16,0,0,0,1,1,0,0,0,0,0,0,0,WITHERNSEA,0.978188,0.048595,3361
12.5,25,1,1,1,0,0,0,1,0,0,1,1,1,WITHERNSEA,1.89238,0.134142,3361
17,34,0,0,0,0,0,0,0,1,0,0,0,0,WITHERNSEA,3.201142,0.254332,3361
20,40,0,0,0,0,0,1,0,0,0,0,0,0,WITHERNSEA,3.923365,0.345004,3361
24,48,0,0,0,0,0,0,0,0,0,0,0,0,WITHERNSEA,4.665695,0.481898,3361
8,16,0,0,0,1,1,0,0,0,0,0,0,0,HUMBER,1.986626,0.063511,3373
12.5,25,1,1,1,0,0,0,1,0,0,1,1,1,HUMBER,3.021776,0.133213,3373
17,34,0,0,0,0,0,0,0,1,0,0,0,0,HUMBER,3.902989,0.234018,3373
20,40,0,0,0,0,0,1,0,0,0,0,0,0,HUMBER,4.546276,0.318399,3373
24,48,0,0,0,0,0,0,0,0,0,0,0,0,HUMBER,5.486964,0.45176,3373
8,16,0,0,0,1,1,0,0,0,0,0,0,0,CLEETHORPES,1.668567,0.035473,3384
12.5,25,1,1,1,0,0,0,1,0,0,1,1,1,CLEETHORPES,2.701038,0.077028,3384
17,34,0,0,0,0,0,0,0,1,0,0,0,0,CLEETHORPES,3.74382,0.149365,3384
20,40,0,0,0,0,0,1,0,0,0,0,0,0,CLEETHORPES,4.47044,0.214412,3384
24,48,0,0,0,0,0,0,0,0,0,0,0,0,CLEETHORPES,5.4435,0.323672,3384
8,16,0,0,0,1,1,0,0,0,0,0,0,0,MABLETHORPE,1.158406,0.046973,3402
12.5,25,1,1,1,0,0,0,1,0,0,1,1,1,MABLETHORPE,2.067569,0.118288,3402
17,34,0,0,0,0,0,0,0,1,0,0,0,0,MABLETHORPE,3.235571,0.23044,3402
20,40,0,0,0,0,0,1,0,0,0,0,0,0,MABLETHORPE,3.874535,0.328417,3402
24,48,0,0,0,0,0,0,0,0,0,0,0,0,MABLETHORPE,4.788765,0.482299,3402
8,16,0,0,0,1,1,0,0,0,0,0,0,0,SKEGNESS,1.203218,0.054439,3424
12.5,25,1,1,1,0,0,0,1,0,0,1,1,1,SKEGNESS,1.954586,0.140671,3424
20,40,0,0,0,0,0,1,0,0,0,0,0,0,SKEGNESS,4.815772,0.329204,3424
24,48,0,0,0,0,0,0,0,0,0,0,0,0,SKEGNESS,6.630659,0.429052,3424
8,16,0,0,0,1,1,0,0,0,0,0,0,0,HUNSTANTON,1.651551,0.058901,3435
12.5,25,1,1,1,0,0,0,1,0,0,1,1,1,HUNSTANTON,2.994885,0.137999,3435
17,34,0,0,0,0,0,0,0,1,0,0,0,0,HUNSTANTON,4.867536,0.207483,3435
20,40,0,0,0,0,0,1,0,0,0,0,0,0,HUNSTANTON,6.26279,0.255844,3435
24,48,0,0,0,0,0,0,0,0,0,0,0,0,HUNSTANTON,7.252201,0.333601,3435
8,16,0,0,0,1,1,0,0,0,0,0,0,0,WELLS,2.736236,0.046145,3446
12.5,25,1,1,1,0,0,0,1,0,0,1,1,1,WELLS,3.462094,0.115215,3446
17,34,0,0,0,0,0,0,0,1,0,0,0,0,WELLS,4.115847,0.221241,3446
20,40,0,0,0,0,0,1,0,0,0,0,0,0,WELLS,4.579013,0.316631,3446
24,48,0,0,0,0,0,0,0,0,0,0,0,0,WELLS,5.519795,0.4609,3446
8,16,0,0,0,1,1,0,0,0,0,0,0,0,SHERINGHAM,1.270336,0.048882,3468
12.5,25,1,1,1,0,0,0,1,0,0,1,1,1,SHERINGHAM,2.385524,0.123482,3468
17,34,0,0,0,0,0,0,0,1,0,0,0,0,SHERINGHAM,3.308517,0.232963,3468
20,40,0,0,0,0,0,1,0,0,0,0,0,0,SHERINGHAM,4.257263,0.325707,3468
24,48,0,0,0,0,0,0,0,0,0,0,0,0,SHERINGHAM,5.049532,0.476194,3468
8,16,0,0,0,1,1,0,0,0,0,0,0,0,CROMER,1.047631,0.052197,3507
12.5,25,1,1,1,0,0,0,1,0,0,1,1,1,CROMER,2.176581,0.128818,3507
17,34,0,0,0,0,0,0,0,1,0,0,0,0,CROMER,3.26966,0.241105,3507
20,40,0,0,0,0,0,1,0,0,0,0,0,0,CROMER,3.71967,0.336039,3507
24,48,0,0,0,0,0,0,0,0,0,0,0,0,CROMER,4.958249,0.490368,3507
8,16,0,0,0,1,1,0,0,0,0,0,0,0,HAPPISBURGH,0.961562,0.046887,3531
12.5,25,1,1,1,0,0,0,1,0,0,1,1,1,HAPPISBURGH,1.561313,0.118733,3531
17,34,0,0,0,0,0,0,0,1,0,0,0,0,HAPPISBURGH,2.232782,0.229826,3531
20,40,0,0,0,0,0,1,0,0,0,0,0,0,HAPPISBURGH,3.033225,0.327959,3531
24,48,0,0,0,0,0,0,0,0,0,0,0,0,HAPPISBURGH,4.830645,0.486637,3531
8,16,0,0,0,1,1,0,0,0,0,0,0,0,GT YARMOUTH & GORLESTON,2.007944,0.045048,3553
12.5,25,1,1,1,0,0,0,1,0,0,1,1,1,GT YARMOUTH & GORLESTON,3.928288,0.115946,3553
17,34,0,0,0,0,0,0,0,1,0,0,0,0,GT YARMOUTH & GORLESTON,5.742499,0.225399,3553
20,40,0,0,0,0,0,1,0,0,0,0,0,0,GT YARMOUTH & GORLESTON,6.838332,0.32164,3553
24,48,0,0,0,0,0,0,0,0,0,0,0,0,GT YARMOUTH & GORLESTON,7.702484,0.475703,3553
8,16,0,0,0,1,1,0,0,0,0,0,0,0,LOWESTOFT,1.851493,0.051373,3575
12.5,25,1,1,1,0,0,0,1,0,0,1,1,1,LOWESTOFT,4.100515,0.126564,3575
17,34,0,0,0,0,0,0,0,1,0,0,0,0,LOWESTOFT,5.395025,0.235462,3575
20,40,0,0,0,0,0,1,0,0,0,0,0,0,LOWESTOFT,6.334859,0.327598,3575
24,48,0,0,0,0,0,0,0,0,0,0,0,0,LOWESTOFT,7.990057,0.477853,3575
8,16,0,0,0,1,1,0,0,0,0,0,0,0,SOUTHWOLD,1.275303,0.04679,3597
12.5,25,1,1,1,0,0,0,1,0,0,1,1,1,SOUTHWOLD,2.244488,0.112657,3597
17,34,0,0,0,0,0,0,0,1,0,0,0,0,SOUTHWOLD,4.068946,0.212386,3597
20,40,0,0,0,0,0,1,0,0,0,0,0,0,SOUTHWOLD,5.594802,0.299823,3597
24,48,0,0,0,0,0,0,0,0,0,0,0,0,SOUTHWOLD,7.31936,0.441007,3597
